Date,Quarter,TimeKey
2024-01-11 10:44:03,1,1
2024-01-24 08:07:24,1,2
2024-01-10 11:00:08,1,3
2024-01-16 08:14:21,1,4
2024-01-16 14:34:12,1,5
2024-01-30 14:31:55,1,6
2024-01-31 14:38:17,1,7
2024-01-31 15:09:11,1,8
2024-02-05 15:02:45,1,9
2024-01-11 11:36:32,1,10
2024-01-15 08:00:47,1,11
2024-03-25 16:06:36,1,12
2024-04-10 07:00:24,2,13
2024-03-25 08:26:52,1,14
2024-04-10 12:45:04,2,15
2024-03-25 11:16:58,1,16
2024-04-22 07:23:47,2,17
2024-09-03 18:03:58,3,18
2024-09-13 15:18:32,3,19
2024-09-23 16:58:09,3,20
2024-10-28 14:24:00,4,21
2024-06-13 13:45:08,2,22
2024-06-19 12:48:15,2,23
2024-08-29 07:22:11,3,24
2024-08-02 14:43:25,3,25
2024-08-29 07:00:43,3,26
2024-05-23 09:01:21,2,27
2024-05-27 08:33:24,2,28
2024-05-29 10:27:02,2,29
2024-07-25 07:03:30,3,30
2024-04-30 14:42:51,2,31
2024-05-16 07:23:20,2,32
2024-06-04 13:59:49,2,33
2024-07-03 11:12:31,3,34
2024-02-28 20:53:36,1,35
2024-03-04 18:24:59,1,36
2024-05-29 13:54:13,2,37
2024-07-03 10:57:11,3,38
2024-07-24 13:56:51,3,39
2024-05-22 14:26:47,2,40
2024-11-04 08:26:53,4,41
2024-05-28 07:32:25,2,42
2024-05-20 14:26:22,2,43
2024-12-20 09:39:04,4,44
2024-03-11 14:17:28,1,45
2024-05-09 07:00:02,2,46
2024-04-01 14:02:13,2,47
2024-07-03 13:55:52,3,48
2024-07-08 16:59:34,3,49
2024-06-25 13:58:04,2,50
2024-06-27 13:32:27,2,51
2024-05-28 18:06:10,2,52
2024-06-03 17:17:05,2,53
2024-06-28 14:35:42,2,54
2024-07-17 13:37:52,3,55
2024-06-11 15:59:17,2,56
2024-06-12 14:12:05,2,57
2024-02-12 14:40:19,1,58
2024-02-28 14:30:17,1,59
2024-04-17 19:34:49,2,60
2024-01-11 16:11:34,1,61
2024-04-19 19:45:12,2,62
2024-01-15 08:02:00,1,63
2024-01-09 15:06:14,1,64
2024-01-12 08:02:02,1,65
2024-06-04 13:54:41,2,66
2024-06-05 15:15:50,2,67
2024-04-01 16:14:25,2,68
2024-04-16 14:22:00,2,69
2024-04-16 13:30:37,2,70
2024-04-22 14:29:37,2,71
2024-03-05 15:01:28,1,72
2024-03-08 19:39:33,1,73
2024-09-25 16:37:29,3,74
2024-08-02 14:42:18,3,75
2024-08-20 13:30:53,3,76
2024-05-21 16:29:10,2,77
2024-07-08 13:30:10,3,78
2024-07-08 17:05:44,3,79
2024-07-31 15:10:06,3,80
2024-11-19 20:02:47,4,81
2024-11-22 14:32:22,4,82
2024-12-20 16:36:51,4,83
2024-06-25 14:15:15,2,84
2024-11-08 16:36:34,4,85
2024-07-17 13:35:05,3,86
2024-11-21 20:35:25,4,87
2024-12-05 16:20:42,4,88
2024-12-13 14:30:29,4,89
2024-02-20 15:41:42,1,90
2024-12-09 16:12:31,4,91
2024-02-28 14:30:35,1,92
2024-02-13 20:10:42,1,93
2024-05-15 15:21:52,2,94
2024-02-16 14:55:10,1,95
2024-11-08 14:58:58,4,96
2024-02-16 15:00:04,1,97
2024-04-18 15:20:13,2,98
2024-11-08 16:36:15,4,99
2024-02-20 14:30:19,1,100
2024-04-23 15:01:14,2,101
2024-09-03 17:56:41,3,102
2024-09-13 15:15:24,3,103
2024-09-23 16:55:34,3,104
2024-01-24 08:00:10,1,105
2024-09-27 18:31:40,3,106
2024-01-26 08:02:19,1,107
2024-06-18 16:30:42,2,108
2024-06-25 13:31:27,2,109
2024-07-02 14:30:29,3,110
2024-01-09 08:02:29,1,111
2024-09-03 15:48:48,3,112
2024-02-15 14:38:26,1,113
2024-02-16 14:30:22,1,114
2024-06-14 14:30:14,2,115
2024-06-18 14:24:25,2,116
2024-06-11 14:17:13,2,117
2024-06-14 07:15:10,2,118
2024-04-09 15:10:44,2,119
2024-04-16 13:30:16,2,120
2024-02-28 14:42:05,1,121
2024-03-08 17:53:48,1,122
2024-03-11 14:14:51,1,123
2024-04-01 13:30:20,2,124
2024-02-07 15:17:46,1,125
2024-02-13 09:01:04,1,126
2024-04-02 15:18:18,2,127
2024-04-12 13:30:12,2,128
2024-04-12 14:12:31,2,129
2024-04-17 13:37:39,2,130
2024-03-11 13:31:35,1,131
2024-03-11 19:50:55,1,132
2024-04-16 13:58:59,2,133
2024-03-15 19:46:48,1,134
2024-04-29 15:46:24,2,135
2024-03-15 19:48:19,1,136
2024-03-14 14:52:22,1,137
2024-04-18 13:30:18,2,138
2024-10-10 15:22:07,4,139
2024-01-11 14:40:12,1,140
2024-04-15 16:14:10,2,141
2024-10-14 14:52:41,4,142
2024-01-16 08:03:27,1,143
2024-04-10 19:03:05,2,144
2024-08-16 17:35:30,3,145
2024-02-22 14:56:56,1,146
2024-11-12 19:00:37,4,147
2024-02-20 17:18:33,1,148
2024-04-15 16:00:26,2,149
2024-09-06 14:29:03,3,150
2024-02-23 14:30:17,1,151
2024-11-20 18:28:08,4,152
2024-02-22 14:49:37,1,153
2024-01-09 15:11:23,1,154
2024-01-12 15:13:17,1,155
2024-01-05 14:54:34,1,156
2024-01-29 08:00:24,1,157
2024-02-20 15:30:39,1,158
2024-02-23 16:41:40,1,159
2024-04-10 13:37:18,2,160
2024-02-13 20:14:36,1,161
2024-01-09 15:40:23,1,162
2024-02-07 09:13:04,1,163
2024-02-20 16:39:01,1,164
2024-02-23 17:51:08,1,165
2024-04-10 19:01:50,2,166
2024-02-14 14:36:42,1,167
2024-02-16 16:43:56,1,168
2024-01-10 14:36:08,1,169
2024-02-14 14:37:33,1,170
2024-04-05 14:07:15,2,171
2024-02-20 15:00:09,1,172
2024-01-15 14:23:54,1,173
2024-02-14 17:03:46,1,174
2024-04-10 13:30:19,2,175
2024-04-02 15:22:23,2,176
2024-04-04 15:08:54,2,177
2024-01-15 15:41:15,1,178
2024-11-19 20:02:13,4,179
2024-01-19 11:01:46,1,180
2024-11-22 20:11:27,4,181
2024-03-26 13:30:17,1,182
2024-03-06 20:56:59,1,183
2024-11-29 17:05:55,4,184
2024-03-26 14:29:23,1,185
2024-03-11 13:30:12,1,186
2024-04-16 14:10:18,2,187
2024-04-19 19:46:37,2,188
2024-06-24 13:54:33,2,189
2024-04-01 18:56:11,2,190
2024-02-15 08:31:16,1,191
2024-08-02 14:42:04,3,192
2024-07-03 13:30:09,3,193
2024-04-04 18:30:02,2,194
2024-02-15 14:41:33,1,195
2024-08-27 19:13:39,3,196
2024-09-25 16:37:47,3,197
2024-02-16 08:21:59,1,198
2024-10-09 13:30:08,4,199
2024-02-20 09:31:54,1,200
2024-02-20 15:44:13,1,201
2024-03-05 14:57:47,1,202
2024-10-24 14:55:00,4,203
2024-02-27 12:43:52,1,204
2024-03-06 17:03:02,1,205
2024-11-20 14:30:05,4,206
2024-03-11 14:15:29,1,207
2024-02-13 20:12:26,1,208
2024-04-01 13:30:29,2,209
2024-02-20 14:45:25,1,210
2024-10-16 13:43:31,4,211
2024-02-20 15:31:38,1,212
2024-02-21 16:26:28,1,213
2024-02-27 15:02:42,1,214
2024-08-16 17:39:58,3,215
2024-10-23 13:30:08,4,216
2024-02-21 14:56:11,1,217
2024-03-01 14:38:18,1,218
2024-03-01 10:36:24,1,219
2024-04-25 19:44:36,2,220
2024-03-04 08:42:19,1,221
2024-10-08 14:28:18,4,222
2024-04-30 13:57:51,2,223
2024-11-13 14:34:36,4,224
2024-01-09 15:08:47,1,225
2024-03-11 13:39:47,1,226
2024-03-12 13:31:02,1,227
2024-10-10 15:21:27,4,228
2024-04-29 14:52:38,2,229
2024-03-06 08:10:29,1,230
2024-10-18 13:30:09,4,231
2024-08-08 15:46:24,3,232
2024-11-13 14:52:33,4,233
2024-01-10 14:40:34,1,234
2024-03-12 10:22:46,1,235
2024-03-13 15:26:25,1,236
2024-10-28 15:39:22,4,237
2024-07-08 17:07:13,3,238
2024-01-11 14:36:58,1,239
2024-03-06 09:04:35,1,240
2024-08-01 13:30:32,3,241
2024-01-11 14:45:34,1,242
2024-03-11 12:55:06,1,243
2024-02-13 19:56:29,1,244
2024-03-14 19:36:05,1,245
2024-04-10 12:42:37,2,246
2024-12-20 16:36:23,4,247
2024-02-14 15:49:02,1,248
2024-05-30 15:05:15,2,249
2024-04-16 07:00:33,2,250
2024-03-18 16:14:41,1,251
2024-03-14 08:27:15,1,252
2024-01-10 14:50:22,1,253
2024-03-22 08:00:22,1,254
2024-03-14 13:26:03,1,255
2024-01-10 15:29:09,1,256
2024-07-25 13:36:04,3,257
2024-12-05 16:17:35,4,258
2024-04-09 10:00:12,2,259
2024-02-28 16:40:06,1,260
2024-08-16 17:35:12,3,261
2024-12-17 15:13:21,4,262
2024-04-10 08:43:56,2,263
2024-03-04 20:54:11,1,264
2024-04-02 07:10:44,2,265
2024-03-25 08:26:36,1,266
2024-04-09 07:43:15,2,267
2024-03-26 12:18:06,1,268
2024-05-01 14:07:57,2,269
2024-02-21 19:37:58,1,270
2024-08-21 17:06:59,3,271
2024-05-08 14:00:33,2,272
2024-06-13 13:46:32,2,273
2024-06-26 19:56:01,2,274
2024-05-06 19:34:08,2,275
2024-02-22 15:45:24,1,276
2024-08-22 13:32:13,3,277
2024-05-20 13:30:45,2,278
2024-07-09 14:03:41,3,279
2024-06-27 15:04:52,2,280
2024-05-29 13:58:23,2,281
2024-03-05 14:56:56,1,282
2024-05-08 14:02:15,2,283
2024-07-23 07:50:47,3,284
2024-03-05 15:58:44,1,285
2024-05-16 07:00:17,2,286
2024-07-24 18:45:19,3,287
2024-03-05 20:31:42,1,288
2024-02-01 16:18:51,1,289
2024-02-21 14:52:47,1,290
2024-02-22 16:21:10,1,291
2024-08-16 17:39:42,3,292
2024-03-06 14:35:32,1,293
2024-02-02 14:30:22,1,294
2024-02-21 15:08:00,1,295
2024-02-26 14:35:07,1,296
2024-03-01 15:00:03,1,297
2024-06-14 14:06:24,2,298
2024-04-05 14:08:31,2,299
2024-03-05 14:30:33,1,300
2024-07-17 13:30:36,3,301
2024-04-25 07:00:02,2,302
2024-02-08 14:49:08,1,303
2024-05-28 19:23:16,2,304
2024-02-13 14:38:04,1,305
2024-02-06 14:52:51,1,306
2024-03-18 15:03:13,1,307
2024-03-20 13:32:25,1,308
2024-02-09 17:12:12,1,309
2024-12-10 16:54:45,4,310
2024-02-13 19:07:13,1,311
2024-02-06 15:06:06,1,312
2024-03-19 14:19:41,1,313
2024-03-22 13:30:25,1,314
2024-04-18 07:37:29,2,315
2024-05-23 18:41:05,2,316
2024-05-17 19:14:38,2,317
2024-02-08 18:08:03,1,318
2024-02-06 15:07:09,1,319
2024-04-23 14:53:03,2,320
2024-05-28 13:35:01,2,321
2024-05-22 13:30:12,2,322
2024-02-08 20:49:59,1,323
2024-02-06 15:08:07,1,324
2024-05-15 15:24:00,2,325
2024-02-09 14:44:56,1,326
2024-01-05 15:38:43,1,327
2024-03-26 19:57:13,1,328
2024-02-16 20:54:47,1,329
2024-07-02 14:29:38,3,330
2024-02-09 14:45:46,1,331
2024-03-14 18:55:58,1,332
2024-04-17 19:55:38,2,333
2024-02-21 14:30:14,1,334
2024-04-16 14:09:11,2,335
2024-05-28 15:32:39,2,336
2024-04-19 19:46:00,2,337
2024-07-25 13:35:37,3,338
2024-02-01 14:52:17,1,339
2024-02-05 14:31:03,1,340
2024-04-16 14:07:54,2,341
2024-02-13 20:16:48,1,342
2024-03-14 14:52:57,1,343
2024-05-20 14:27:00,2,344
2024-04-16 13:54:57,2,345
2024-01-05 08:01:12,1,346
2024-04-19 19:46:07,2,347
2024-02-15 14:31:11,1,348
2024-03-14 15:47:48,1,349
2024-06-04 08:03:10,2,350
2024-04-18 07:32:58,2,351
2024-02-16 16:43:05,1,352
2024-01-05 15:54:40,1,353
2024-02-05 15:55:37,1,354
2024-02-26 14:30:10,1,355
2024-01-09 14:31:26,1,356
2024-02-05 19:33:17,1,357
2024-06-25 14:13:53,2,358
2024-05-08 14:04:01,2,359
2024-03-18 15:03:26,1,360
2024-04-30 14:43:46,2,361
2024-02-01 16:23:26,1,362
2024-08-08 15:02:39,3,363
2024-05-13 14:35:02,2,364
2024-05-17 14:30:24,2,365
2024-02-07 09:08:03,1,366
2024-01-25 15:12:54,1,367
2024-12-19 15:04:39,4,368
2024-03-22 18:54:11,1,369
2024-01-30 15:56:31,1,370
2024-02-26 14:51:34,1,371
2024-02-13 19:56:03,1,372
2024-03-05 14:58:50,1,373
2024-03-07 15:20:55,1,374
2024-01-31 15:58:14,1,375
2024-12-30 14:30:09,4,376
2024-04-01 19:00:41,2,377
2024-02-01 16:00:05,1,378
2024-02-27 15:40:14,1,379
2024-04-19 19:46:30,2,380
2024-03-08 15:56:25,1,381
2024-11-13 14:32:09,4,382
2024-02-22 08:00:09,1,383
2024-02-28 15:35:32,1,384
2024-02-12 08:07:19,1,385
2024-02-02 08:20:55,1,386
2024-02-26 14:48:08,1,387
2024-03-13 16:15:46,1,388
2024-08-16 17:44:55,3,389
2024-11-21 20:55:02,4,390
2024-03-06 09:55:36,1,391
2024-03-01 14:38:30,1,392
2024-02-19 09:18:26,1,393
2024-02-02 13:30:02,1,394
2024-02-28 15:08:33,1,395
2024-03-14 13:30:07,1,396
2024-09-18 17:24:32,3,397
2024-04-01 16:38:44,2,398
2024-11-12 18:56:36,4,399
2024-02-09 17:30:57,1,400
2024-05-09 13:59:22,2,401
2024-08-05 19:21:47,3,402
2024-01-24 14:30:38,1,403
2024-08-07 17:26:03,3,404
2024-04-04 18:18:19,2,405
2024-11-13 14:30:08,4,406
2024-02-13 14:30:15,1,407
2024-07-08 13:47:09,3,408
2024-08-22 15:43:11,3,409
2024-02-02 08:00:05,1,410
2024-08-19 13:35:23,3,411
2024-04-19 19:56:06,2,412
2024-05-02 17:14:32,2,413
2024-05-28 19:21:42,2,414
2024-02-01 16:17:52,1,415
2024-08-02 14:39:01,3,416
2024-11-14 18:42:02,4,417
2024-09-03 17:57:53,3,418
2024-01-05 15:30:30,1,419
2024-08-02 14:43:59,3,420
2024-02-15 14:39:42,1,421
2024-04-25 13:30:11,2,422
2024-08-08 16:31:52,3,423
2024-07-16 14:06:19,3,424
2024-02-02 20:55:47,1,425
2024-08-05 13:38:48,3,426
2024-11-19 15:50:41,4,427
2024-09-04 14:00:25,3,428
2024-01-08 14:46:26,1,429
2024-08-07 14:08:57,3,430
2024-02-16 15:01:54,1,431
2024-03-15 16:24:32,1,432
2024-04-12 14:14:02,2,433
2024-11-13 14:54:14,4,434
2024-03-18 18:25:22,1,435
2024-11-06 17:04:01,4,436
2024-05-28 15:28:28,2,437
2024-04-01 16:02:18,2,438
2024-07-08 17:06:45,3,439
2024-04-09 15:12:40,2,440
2024-04-02 15:19:54,2,441
2024-04-02 07:00:03,2,442
2024-04-17 13:32:24,2,443
2024-11-13 15:48:25,4,444
2024-03-19 14:45:52,1,445
2024-11-07 14:32:48,4,446
2024-07-16 14:02:06,3,447
2024-04-04 14:08:03,2,448
2024-08-16 17:44:39,3,449
2024-04-09 19:10:33,2,450
2024-04-05 07:00:04,2,451
2024-10-14 08:45:46,4,452
2024-06-14 14:01:37,2,453
2024-12-06 18:26:37,4,454
2024-02-16 14:53:41,1,455
2024-01-24 19:59:09,1,456
2024-01-24 14:38:59,1,457
2024-01-04 12:01:49,1,458
2024-08-02 09:50:20,3,459
2024-02-05 14:49:22,1,460
2024-12-19 15:05:02,4,461
2024-10-22 19:02:40,4,462
2024-10-10 15:22:33,4,463
2024-01-26 17:19:22,1,464
2024-10-16 13:32:44,4,465
2024-08-21 17:07:52,3,466
2024-01-25 20:44:57,1,467
2024-03-13 16:13:52,1,468
2024-01-24 19:57:31,1,469
2024-06-06 16:59:29,2,470
2024-03-14 14:48:30,1,471
2024-10-15 08:47:37,4,472
2024-06-18 08:13:14,2,473
2024-12-09 19:20:19,4,474
2024-02-16 16:19:36,1,475
2024-01-25 15:50:22,1,476
2024-01-24 16:37:02,1,477
2024-01-10 14:36:24,1,478
2024-08-05 07:06:21,3,479
2024-02-05 15:42:14,1,480
2024-12-20 14:30:06,4,481
2024-10-23 17:34:11,4,482
2024-10-14 08:31:09,4,483
2024-01-30 14:31:51,1,484
2024-10-21 14:39:54,4,485
2024-09-27 15:42:52,3,486
2024-01-26 14:57:21,1,487
2024-03-14 13:32:09,1,488
2024-01-24 19:58:14,1,489
2024-07-16 13:56:21,3,490
2024-03-18 13:30:19,1,491
2024-01-30 15:48:32,1,492
2024-01-05 15:00:35,1,493
2024-05-08 07:01:37,2,494
2024-05-13 08:15:44,2,495
2024-02-16 14:50:47,1,496
2024-05-07 14:15:53,2,497
2024-11-01 14:39:22,4,498
2024-02-09 17:59:14,1,499
2024-02-06 14:40:48,1,500
2024-02-13 14:37:45,1,501
2024-09-03 18:00:45,3,502
2024-01-31 15:33:41,1,503
2024-01-09 14:30:47,1,504
2024-05-08 10:13:03,2,505
2024-05-17 07:00:06,2,506
2024-02-16 17:51:02,1,507
2024-05-08 11:34:30,2,508
2024-11-07 18:32:17,4,509
2024-02-09 19:09:28,1,510
2024-02-06 19:08:37,1,511
2024-02-13 19:13:03,1,512
2024-09-06 15:17:34,3,513
2024-07-12 15:53:57,3,514
2024-01-09 15:47:54,1,515
2024-01-03 09:03:44,1,516
2024-04-09 15:13:03,2,517
2024-04-10 17:13:24,2,518
2024-04-02 15:25:36,2,519
2024-11-12 18:50:24,4,520
2024-04-12 14:15:57,2,521
2024-05-08 14:04:42,2,522
2024-02-08 14:44:42,1,523
2024-10-31 15:25:25,4,524
2024-02-13 20:16:07,1,525
2024-01-12 15:55:44,1,526
2024-01-04 11:54:56,1,527
2024-04-10 13:30:36,2,528
2024-04-12 13:32:18,2,529
2024-04-03 13:55:24,2,530
2024-11-12 20:22:19,4,531
2024-04-19 13:37:34,2,532
2024-11-06 17:24:04,4,533
2024-02-08 18:16:46,1,534
2024-11-01 13:30:03,4,535
2024-02-16 14:30:52,1,536
2024-03-25 16:25:57,1,537
2024-10-08 14:27:03,4,538
2024-01-04 08:19:35,1,539
2024-01-25 15:13:54,1,540
2024-12-05 16:18:35,4,541
2024-04-05 14:03:17,2,542
2024-05-29 07:53:36,2,543
2024-01-02 19:17:25,1,544
2024-12-06 14:30:39,4,545
2024-06-11 14:01:10,2,546
2024-03-25 16:35:04,1,547
2024-10-18 14:47:10,4,548
2024-01-11 10:11:49,1,549
2024-01-30 15:01:56,1,550
2024-12-05 20:37:42,4,551
2024-04-09 13:49:46,2,552
2024-06-11 10:09:07,2,553
2024-01-22 18:27:09,1,554
2024-12-06 18:40:10,4,555
2024-11-07 16:16:45,4,556
2024-10-30 19:02:20,4,557
2024-11-04 16:22:09,4,558
2024-02-20 19:53:26,1,559
2024-07-24 18:29:43,3,560
2024-03-11 14:17:29,1,561
2024-01-15 15:34:44,1,562
2024-03-28 14:00:10,1,563
2024-02-20 15:44:43,1,564
2024-07-24 19:31:58,3,565
2024-01-08 14:43:55,1,566
2024-03-11 14:18:31,1,567
2024-12-09 16:12:05,4,568
2024-10-31 15:18:09,4,569
2024-11-04 16:41:06,4,570
2024-02-21 15:08:15,1,571
2024-08-01 14:23:00,3,572
2024-03-12 15:50:51,1,573
2024-01-25 12:26:28,1,574
2024-04-01 13:36:07,2,575
2024-02-20 16:08:26,1,576
2024-01-10 14:30:29,1,577
2024-03-12 17:07:51,1,578
2024-02-16 20:55:26,1,579
2024-02-13 20:17:21,1,580
2024-08-16 17:41:47,3,581
2024-02-21 14:55:02,1,582
2024-02-16 18:36:58,1,583
2024-03-13 16:15:12,1,584
2024-01-30 20:52:08,1,585
2024-06-28 14:36:38,2,586
2024-05-28 18:05:03,2,587
2024-02-22 16:20:37,1,588
2024-03-05 20:32:51,1,589
2024-03-06 14:38:23,1,590
2024-05-22 13:33:09,2,591
2024-02-20 15:42:36,1,592
2024-02-21 14:30:24,1,593
2024-02-16 14:33:18,1,594
2024-10-29 13:35:11,4,595
2024-02-22 14:42:42,1,596
2024-02-20 14:30:15,1,597
2024-04-09 16:53:26,2,598
2024-02-13 14:30:16,1,599
2024-06-03 19:58:07,2,600
2024-02-23 14:30:29,1,601
2024-03-06 19:14:30,1,602
2024-03-06 15:07:20,1,603
2024-05-24 14:44:54,2,604
2024-02-20 20:59:56,1,605
2024-06-06 13:40:28,2,606
2024-04-05 13:59:03,2,607
2024-02-21 14:51:03,1,608
2024-05-01 15:11:07,2,609
2024-04-16 14:01:31,2,610
2024-03-01 14:54:35,1,611
2024-05-28 15:34:39,2,612
2024-03-07 15:18:01,1,613
2024-03-19 14:11:01,1,614
2024-03-05 15:54:56,1,615
2024-01-29 14:31:33,1,616
2024-04-01 16:10:45,2,617
2024-03-08 20:49:15,1,618
2024-06-10 17:10:37,2,619
2024-04-09 14:00:30,2,620
2024-02-22 15:45:32,1,621
2024-05-06 18:21:44,2,622
2024-03-05 15:32:09,1,623
2024-05-30 14:42:18,2,624
2024-03-08 16:32:31,1,625
2024-02-14 14:52:07,1,626
2024-03-22 18:24:33,1,627
2024-03-14 08:00:01,1,628
2024-01-30 19:09:40,1,629
2024-04-04 19:00:32,2,630
2024-03-12 13:36:18,1,631
2024-04-01 16:04:19,2,632
2024-04-08 14:53:06,2,633
2024-05-20 14:26:03,2,634
2024-05-20 17:23:49,2,635
2024-02-23 16:56:57,1,636
2024-04-10 13:37:58,2,637
2024-02-14 14:39:27,1,638
2024-02-23 20:18:32,1,639
2024-02-26 15:21:03,1,640
2024-04-30 13:59:28,2,641
2024-05-28 18:07:06,2,642
2024-02-22 14:51:34,1,643
2024-04-09 14:27:04,2,644
2024-02-08 16:24:59,1,645
2024-04-09 14:47:41,2,646
2024-05-24 14:44:53,2,647
2024-02-23 20:09:02,1,648
2024-04-12 13:30:14,2,649
2024-02-14 14:57:53,1,650
2024-02-26 14:53:07,1,651
2024-02-26 18:26:59,1,652
2024-05-07 13:30:14,2,653
2024-07-30 13:30:16,3,654
2024-03-01 12:09:57,1,655
2024-04-05 14:00:01,2,656
2024-06-14 14:01:20,2,657
2024-02-27 15:03:22,1,658
2024-01-05 16:05:22,1,659
2024-10-30 16:50:07,4,660
2024-04-05 16:47:31,2,661
2024-06-19 07:00:30,2,662
2024-02-27 15:47:43,1,663
2024-01-08 14:39:01,1,664
2024-10-30 17:34:01,4,665
2024-02-13 20:23:18,1,666
2024-05-10 19:57:37,2,667
2024-06-13 07:25:53,2,668
2024-02-14 16:06:55,1,669
2024-04-04 13:40:50,2,670
2024-06-11 14:17:45,2,671
2024-04-23 13:42:52,2,672
2024-03-05 16:53:19,1,673
2024-03-06 20:56:42,1,674
2024-04-26 14:16:30,2,675
2024-05-09 13:55:35,2,676
2024-03-14 14:58:31,1,677
2024-02-14 14:30:22,1,678
2024-07-24 19:31:36,3,679
2024-07-25 07:01:29,3,680
2024-03-07 14:52:44,1,681
2024-04-04 13:52:33,2,682
2024-06-13 07:00:31,2,683
2024-04-23 13:48:45,2,684
2024-03-06 14:46:15,1,685
2024-05-09 15:01:02,2,686
2024-03-15 16:54:38,1,687
2024-03-01 14:55:09,1,688
2024-01-19 18:43:58,1,689
2024-01-12 17:14:46,1,690
2024-05-07 14:15:27,2,691
2024-04-17 19:28:08,2,692
2024-03-01 15:27:17,1,693
2024-01-23 15:38:55,1,694
2024-01-17 14:45:47,1,695
2024-07-24 18:29:22,3,696
2024-04-19 19:45:53,2,697
2024-05-08 13:59:57,2,698
2024-04-01 16:00:26,2,699
2024-04-30 13:57:12,2,700
2024-10-08 14:27:30,4,701
2024-04-19 19:54:42,2,702
2024-04-10 13:36:54,2,703
2024-12-23 08:00:20,4,704
2024-05-28 19:22:24,2,705
2024-03-15 17:29:09,1,706
2024-03-26 19:58:54,1,707
2024-01-18 14:34:56,1,708
2024-06-11 16:14:19,2,709
2024-04-04 13:45:42,2,710
2024-05-02 19:38:34,2,711
2024-10-09 15:23:27,4,712
2024-04-22 13:59:24,2,713
2024-04-17 16:05:45,2,714
2024-12-23 15:12:23,4,715
2024-06-11 16:17:59,2,716
2024-03-15 19:09:19,1,717
2024-03-27 18:58:54,1,718
2024-01-19 15:35:30,1,719
2024-08-07 13:44:14,3,720
2024-10-16 13:44:07,4,721
2024-11-21 17:46:02,4,722
2024-02-15 14:41:51,1,723
2024-02-13 19:55:15,1,724
2024-03-21 19:02:50,1,725
2024-05-07 14:31:58,2,726
2024-04-03 19:55:39,2,727
2024-04-02 15:17:37,2,728
2024-10-22 18:46:14,4,729
2024-10-10 15:20:35,4,730
2024-02-09 17:31:53,1,731
2024-08-09 13:30:36,3,732
2024-10-18 19:40:22,4,733
2024-01-02 14:38:20,1,734
2024-12-02 18:11:52,4,735
2024-03-14 13:56:13,1,736
2024-02-14 14:33:33,1,737
2024-03-21 19:51:56,1,738
2024-05-08 14:00:20,2,739
2024-04-04 14:11:05,2,740
2024-04-03 13:30:12,2,741
2024-02-14 14:33:45,1,742
2024-10-23 14:07:17,4,743
2024-10-11 13:30:11,4,744
2024-02-12 16:12:03,1,745
2024-08-16 17:29:40,3,746
2024-02-09 19:10:46,1,747
2024-04-09 15:09:39,2,748
2024-06-04 13:51:46,2,749
2024-02-13 16:03:10,1,750
2024-02-09 18:26:20,1,751
2024-05-08 14:01:15,2,752
2024-04-02 15:17:14,2,753
2024-02-13 16:15:58,1,754
2024-03-26 19:55:37,1,755
2024-04-03 13:33:28,2,756
2024-11-15 17:30:12,4,757
2024-04-05 14:05:49,2,758
2024-09-13 16:05:05,3,759
2024-02-12 15:06:49,1,760
2024-04-15 16:46:44,2,761
2024-06-05 15:26:15,2,762
2024-02-15 15:52:10,1,763
2024-02-12 19:16:30,1,764
2024-05-20 19:52:07,2,765
2024-04-04 18:29:26,2,766
2024-02-13 16:20:06,1,767
2024-03-27 14:42:32,1,768
2024-04-03 13:35:00,2,769
2024-11-21 15:23:27,4,770
2024-04-09 14:31:17,2,771
2024-01-24 19:56:52,1,772
2024-02-09 17:29:46,1,773
2024-02-21 16:25:24,1,774
2024-01-11 16:12:46,1,775
2024-02-22 16:22:16,1,776
2024-02-20 16:28:33,1,777
2024-02-21 14:57:33,1,778
2024-11-14 18:39:44,4,779
2024-01-24 14:40:45,1,780
2024-05-20 14:00:21,2,781
2024-05-15 15:20:24,2,782
2024-01-24 14:33:59,1,783
2024-01-30 20:51:09,1,784
2024-01-31 15:06:42,1,785
2024-02-15 14:40:18,1,786
2024-02-12 17:26:19,1,787
2024-03-26 13:30:06,1,788
2024-01-31 15:05:53,1,789
2024-01-31 14:30:40,1,790
2024-02-12 15:07:18,1,791
2024-02-22 14:53:13,1,792
2024-01-17 14:35:41,1,793
2024-02-22 20:47:08,1,794
2024-02-21 14:30:18,1,795
2024-02-21 15:46:46,1,796
2024-11-15 18:46:51,4,797
2024-01-26 14:31:21,1,798
2024-05-21 13:30:13,2,799
2024-05-16 13:30:10,2,800
2024-01-24 18:39:14,1,801
2024-01-31 14:30:38,1,802
2024-02-09 14:35:52,1,803
2024-02-15 15:49:55,1,804
2024-02-12 17:28:30,1,805
2024-04-02 13:30:40,2,806
2024-02-05 14:50:56,1,807
2024-03-13 16:13:18,1,808
2024-02-27 20:56:19,1,809
2024-03-26 15:38:38,1,810
2024-02-21 15:00:17,1,811
2024-02-13 14:36:29,1,812
2024-02-07 14:30:26,1,813
2024-03-05 20:27:59,1,814
2024-03-12 14:49:44,1,815
2024-03-06 16:18:46,1,816
2024-03-15 19:27:22,1,817
2024-03-15 18:52:18,1,818
2024-01-29 20:59:02,1,819
2024-03-13 16:14:46,1,820
2024-11-14 18:41:40,4,821
2024-11-15 17:31:02,4,822
2024-10-10 17:14:19,4,823
2024-03-04 15:12:44,1,824
2024-03-11 14:09:42,1,825
2024-07-16 19:50:10,3,826
2024-01-05 17:42:30,1,827
2024-02-27 14:57:45,1,828
2024-03-14 19:33:24,1,829
2024-04-16 14:15:04,2,830
2024-02-12 15:35:04,1,831
2024-02-05 16:34:07,1,832
2024-08-02 14:45:29,3,833
2024-08-07 17:27:04,3,834
2024-01-04 14:36:08,1,835
2024-03-08 20:47:26,1,836
2024-05-22 14:27:25,2,837
2024-02-05 14:37:04,1,838
2024-11-01 13:31:08,4,839
2024-02-22 15:02:32,1,840
2024-03-04 20:38:18,1,841
2024-03-05 19:36:13,1,842
2024-03-05 15:15:56,1,843
2024-05-24 16:17:59,2,844
2024-02-23 16:53:49,1,845
2024-03-08 20:44:25,1,846
2024-12-19 15:01:49,4,847
2024-02-12 20:48:45,1,848
2024-03-26 13:35:56,1,849
2024-02-12 15:33:44,1,850
2024-02-14 15:18:37,1,851
2024-02-15 14:37:45,1,852
2024-11-21 17:44:08,4,853
2024-01-05 16:02:33,1,854
2024-11-15 17:29:08,4,855
2024-02-14 17:49:16,1,856
2024-02-16 20:53:48,1,857
2024-02-14 14:38:27,1,858
2024-02-15 15:38:49,1,859
2024-03-11 14:08:48,1,860
2024-02-20 19:32:59,1,861
2024-02-01 16:22:35,1,862
2024-03-13 19:22:59,1,863
2024-02-29 20:43:52,1,864
2024-03-27 13:32:28,1,865
2024-02-22 14:37:03,1,866
2024-02-13 14:47:49,1,867
2024-02-12 18:23:08,1,868
2024-03-06 15:27:52,1,869
2024-03-12 14:58:15,1,870
2024-03-07 19:59:49,1,871
2024-03-18 14:58:30,1,872
2024-03-18 16:50:51,1,873
2024-01-30 18:05:59,1,874
2024-03-14 19:13:11,1,875
2024-11-15 14:30:06,4,876
2024-11-18 14:33:48,4,877
2024-01-11 16:30:42,1,878
2024-10-15 14:37:49,4,879
2024-03-05 14:30:37,1,880
2024-03-12 13:37:20,1,881
2024-08-07 13:43:54,3,882
2024-01-09 14:36:39,1,883
2024-03-04 14:31:19,1,884
2024-04-01 14:52:04,2,885
2024-04-18 13:30:52,2,886
2024-02-13 14:30:28,1,887
2024-02-06 14:46:26,1,888
2024-08-07 13:55:19,3,889
2024-08-12 15:25:07,3,890
2024-01-05 17:29:51,1,891
2024-03-15 15:36:52,1,892
2024-05-24 13:54:43,2,893
2024-02-12 15:30:32,1,894
2024-11-04 14:34:58,4,895
2024-02-22 15:53:27,1,896
2024-03-06 15:05:08,1,897
2024-03-08 17:57:43,1,898
2024-03-05 18:01:51,1,899
2024-07-17 13:30:13,3,900
2024-02-26 14:47:36,1,901
2024-03-11 13:30:06,1,902
2024-02-13 14:31:05,1,903
2024-03-26 14:38:56,1,904
2024-02-12 16:16:28,1,905
2024-02-20 15:01:27,1,906
2024-02-15 14:58:50,1,907
2024-12-05 20:54:43,4,908
2024-01-08 14:32:02,1,909
2024-01-03 08:00:11,1,910
2024-11-19 20:51:32,4,911
2024-02-15 14:34:41,1,912
2024-02-20 15:21:24,1,913
2024-02-14 15:12:04,1,914
2024-02-15 20:18:40,1,915
2024-03-12 13:33:07,1,916
2024-02-22 19:52:50,1,917
2024-02-02 20:56:45,1,918
2024-09-19 13:39:22,3,919
2024-03-19 14:13:51,1,920
2024-05-23 18:39:06,2,921
2024-08-28 18:04:49,3,922
2024-08-16 17:34:22,3,923
2024-09-24 07:00:05,3,924
2024-02-20 20:43:41,1,925
2024-04-16 14:13:58,2,926
2024-08-07 13:43:21,3,927
2024-02-27 15:09:31,1,928
2024-08-30 14:01:34,3,929
2024-03-18 15:02:52,1,930
2024-07-01 14:50:10,3,931
2024-03-14 19:35:19,1,932
2024-01-26 19:46:51,1,933
2024-06-03 18:48:44,2,934
2024-01-25 16:17:24,1,935
2024-04-25 19:42:52,2,936
2024-03-08 15:23:51,1,937
2024-01-11 16:42:36,1,938
2024-01-11 15:26:36,1,939
2024-05-08 13:59:07,2,940
2024-09-23 16:57:05,3,941
2024-07-24 18:46:53,3,942
2024-01-30 20:53:06,1,943
2024-01-29 16:13:16,1,944
2024-02-12 20:45:22,1,945
2024-02-09 16:16:16,1,946
2024-03-21 13:30:38,1,947
2024-01-24 20:21:22,1,948
2024-02-02 16:13:17,1,949
2024-01-10 15:17:03,1,950
2024-04-09 13:42:55,2,951
2024-02-20 15:45:27,1,952
2024-03-08 20:50:19,1,953
2024-01-09 15:03:01,1,954
2024-04-04 13:42:07,2,955
2024-01-05 15:57:48,1,956
2024-11-21 18:34:13,4,957
2024-02-14 17:29:17,1,958
2024-06-11 15:58:09,2,959
2024-03-12 14:48:42,1,960
2024-02-09 14:48:26,1,961
2024-08-02 14:53:00,3,962
2024-01-31 15:06:06,1,963
2024-01-12 15:26:33,1,964
2024-09-19 18:06:02,3,965
2024-03-22 13:30:18,1,966
2024-01-02 14:42:43,1,967
2024-06-03 16:22:20,2,968
2024-08-29 18:38:21,3,969
2024-08-20 14:12:11,3,970
2024-12-20 12:39:57,4,971
2024-02-22 18:03:44,1,972
2024-04-22 14:29:58,2,973
2024-08-12 07:04:39,3,974
2024-03-05 09:57:54,1,975
2024-09-16 13:30:27,3,976
2024-03-19 13:48:14,1,977
2024-07-17 18:09:04,3,978
2024-03-19 13:42:36,1,979
2024-01-30 17:01:12,1,980
2024-06-10 17:30:02,2,981
2024-01-26 19:27:52,1,982
2024-04-26 14:03:28,2,983
2024-02-07 19:53:23,1,984
2024-01-25 14:33:05,1,985
2024-05-23 14:22:31,2,986
2024-10-09 16:15:34,4,987
2024-08-01 14:06:24,3,988
2024-01-31 14:30:22,1,989
2024-02-02 14:30:15,1,990
2024-02-12 20:54:08,1,991
2024-02-20 15:01:50,1,992
2024-04-02 13:30:17,2,993
2024-01-30 17:26:51,1,994
2024-02-08 15:11:03,1,995
2024-01-16 17:32:42,1,996
2024-04-09 14:52:17,2,997
2024-03-11 13:32:43,1,998
2024-01-10 14:46:10,1,999
2024-04-05 13:30:18,2,1000
2024-01-11 15:06:36,1,1001
2024-11-22 15:09:09,4,1002
2024-02-26 20:51:46,1,1003
2024-06-18 15:28:12,2,1004
2024-03-12 17:53:32,1,1005
2024-02-09 17:08:06,1,1006
2024-09-17 16:46:17,3,1007
2024-02-14 17:02:40,1,1008
2024-01-23 14:30:33,1,1009
2024-02-26 14:51:02,1,1010
2024-05-29 13:53:43,2,1011
2024-04-09 15:11:54,2,1012
2024-02-08 14:50:50,1,1013
2024-03-05 15:08:16,1,1014
2024-03-11 14:12:26,1,1015
2024-03-27 19:41:46,1,1016
2024-05-01 14:07:34,2,1017
2024-03-01 14:43:53,1,1018
2024-03-04 08:42:39,1,1019
2024-03-13 19:23:28,1,1020
2024-05-01 14:01:40,2,1021
2024-07-24 18:43:01,3,1022
2024-04-30 13:56:19,2,1023
2024-01-25 20:18:29,1,1024
2024-01-12 16:09:31,1,1025
2024-06-25 07:00:07,2,1026
2024-03-14 15:11:29,1,1027
2024-02-12 20:46:00,1,1028
2024-03-08 20:47:00,1,1029
2024-04-02 15:25:02,2,1030
2024-02-07 15:38:55,1,1031
2024-04-12 14:09:59,2,1032
2024-02-13 20:43:56,1,1033
2024-03-25 16:19:06,1,1034
2024-03-04 15:02:34,1,1035
2024-01-26 16:36:30,1,1036
2024-01-03 18:01:46,1,1037
2024-03-14 19:36:32,1,1038
2024-02-13 18:55:03,1,1039
2024-11-12 18:48:27,4,1040
2024-02-22 18:06:24,1,1041
2024-02-21 20:35:42,1,1042
2024-05-01 14:09:26,2,1043
2024-07-24 19:57:38,3,1044
2024-08-21 09:28:10,3,1045
2024-02-20 15:29:05,1,1046
2024-03-25 16:13:11,1,1047
2024-01-25 20:16:18,1,1048
2024-02-05 17:10:43,1,1049
2024-08-16 17:41:14,3,1050
2024-04-18 15:16:39,2,1051
2024-01-24 19:55:03,1,1052
2024-03-08 15:22:04,1,1053
2024-05-22 13:48:02,2,1054
2024-05-22 13:48:17,2,1055
2024-03-20 18:00:04,1,1056
2024-02-16 14:51:53,1,1057
2024-02-23 20:15:25,1,1058
2024-02-14 16:33:45,1,1059
2024-03-08 20:47:49,1,1060
2024-03-04 19:39:03,1,1061
2024-08-16 17:44:09,3,1062
2024-04-25 19:46:41,2,1063
2024-02-26 14:50:10,1,1064
2024-01-24 14:43:12,1,1065
2024-02-12 20:51:32,1,1066
2024-04-16 14:21:16,2,1067
2024-05-01 14:05:00,2,1068
2024-04-02 09:56:37,2,1069
2024-03-13 19:24:43,1,1070
2024-05-01 14:04:23,2,1071
2024-02-13 14:39:50,1,1072
2024-04-29 19:59:50,2,1073
2024-03-05 14:10:50,1,1074
2024-02-26 16:24:00,1,1075
2024-01-02 14:33:01,1,1076
2024-06-13 13:57:32,2,1077
2024-04-15 17:30:22,2,1078
2024-02-08 18:19:54,1,1079
2024-03-25 13:30:12,1,1080
2024-03-12 15:41:25,1,1081
2024-05-06 16:48:16,2,1082
2024-03-01 20:58:26,1,1083
2024-03-06 08:00:02,1,1084
2024-03-14 13:51:50,1,1085
2024-05-07 13:34:02,2,1086
2024-09-27 18:26:39,3,1087
2024-05-15 17:47:43,2,1088
2024-01-29 14:48:19,1,1089
2024-01-16 14:58:55,1,1090
2024-08-07 13:43:08,3,1091
2024-01-17 14:34:24,1,1092
2024-03-22 19:57:25,1,1093
2024-02-13 14:31:02,1,1094
2024-03-14 13:54:29,1,1095
2024-04-04 13:50:15,2,1096
2024-02-08 14:33:39,1,1097
2024-04-16 14:03:34,2,1098
2024-03-07 17:31:28,1,1099
2024-03-25 18:44:19,1,1100
2024-03-05 14:31:21,1,1101
2024-01-29 17:29:57,1,1102
2024-01-25 18:58:52,1,1103
2024-03-15 16:11:22,1,1104
2024-02-08 16:25:13,1,1105
2024-02-14 14:43:43,1,1106
2024-11-14 15:58:43,4,1107
2024-02-23 14:55:27,1,1108
2024-03-04 14:30:36,1,1109
2024-05-06 13:32:59,2,1110
2024-08-19 13:31:38,3,1111
2024-09-17 13:40:43,3,1112
2024-02-21 19:23:28,1,1113
2024-04-05 17:57:13,2,1114
2024-01-26 14:31:27,1,1115
2024-02-06 16:44:38,1,1116
2024-09-13 15:06:54,3,1117
2024-04-24 14:14:11,2,1118
2024-01-25 17:51:50,1,1119
2024-03-21 08:11:01,1,1120
2024-07-11 14:23:36,3,1121
2024-05-23 13:51:55,2,1122
2024-03-21 17:56:07,1,1123
2024-02-20 14:33:33,1,1124
2024-02-29 20:42:54,1,1125
2024-02-15 14:54:41,1,1126
2024-03-08 20:49:42,1,1127
2024-03-18 15:03:03,1,1128
2024-09-13 15:43:38,3,1129
2024-04-30 15:33:30,2,1130
2024-03-01 17:11:33,1,1131
2024-01-24 19:12:38,1,1132
2024-02-14 16:01:10,1,1133
2024-04-30 15:24:01,2,1134
2024-05-14 07:00:01,2,1135
2024-04-02 13:49:19,2,1136
2024-03-14 13:44:34,1,1137
2024-05-06 13:30:13,2,1138
2024-03-05 14:30:36,1,1139
2024-05-07 13:40:14,2,1140
2024-03-07 15:24:46,1,1141
2024-07-17 14:30:38,3,1142
2024-02-01 16:24:13,1,1143
2024-08-02 14:49:48,3,1144
2024-12-19 15:01:21,4,1145
2024-04-09 10:44:24,2,1146
2024-07-17 14:29:07,3,1147
2024-02-26 14:55:08,1,1148
2024-06-10 17:06:21,2,1149
2024-02-26 10:34:41,1,1150
2024-12-20 16:40:47,4,1151
2024-04-08 14:52:23,2,1152
2024-06-24 19:41:31,2,1153
2024-01-03 20:52:33,1,1154
2024-01-05 14:50:39,1,1155
2024-01-04 08:17:24,1,1156
2024-08-16 17:32:11,3,1157
2024-07-24 18:38:02,3,1158
2024-01-09 15:12:35,1,1159
2024-04-02 15:21:51,2,1160
2024-04-16 14:13:31,2,1161
2024-12-20 16:37:34,4,1162
2024-01-16 15:06:05,1,1163
2024-05-20 14:22:40,2,1164
2024-12-05 16:21:40,4,1165
2024-04-10 17:12:56,2,1166
2024-08-07 17:26:43,3,1167
2024-07-17 14:29:22,3,1168
2024-04-12 14:11:46,2,1169
2024-04-17 19:24:43,2,1170
2024-01-23 14:31:13,1,1171
2024-04-16 14:22:41,2,1172
2024-05-08 13:54:04,2,1173
2024-03-07 16:08:39,1,1174
2024-10-16 13:41:50,4,1175
2024-04-09 15:38:00,2,1176
2024-03-08 20:46:33,1,1177
2024-12-19 15:07:34,4,1178
2024-11-12 18:49:02,4,1179
2024-09-23 16:56:35,3,1180
2024-03-04 15:04:24,1,1181
2024-04-05 14:01:09,2,1182
2024-03-05 14:57:50,1,1183
2024-12-05 16:23:04,4,1184
2024-03-06 10:02:23,1,1185
2024-02-16 15:15:39,1,1186
2024-05-09 13:56:01,2,1187
2024-07-24 13:30:12,3,1188
2024-02-13 20:27:01,1,1189
2024-08-07 13:50:56,3,1190
2024-12-20 14:30:21,4,1191
2024-04-16 07:02:45,2,1192
2024-08-16 17:43:57,3,1193
2024-03-01 16:15:55,1,1194
2024-06-20 16:34:02,2,1195
2024-02-27 12:32:02,1,1196
2024-04-17 15:48:46,2,1197
2024-06-26 15:01:38,2,1198
2024-11-07 18:33:12,4,1199
2024-01-04 16:49:05,1,1200
2024-01-09 14:31:15,1,1201
2024-01-05 08:00:17,1,1202
2024-10-15 13:53:39,4,1203
2024-08-16 13:30:16,3,1204
2024-01-10 18:57:57,1,1205
2024-04-09 07:00:03,2,1206
2024-04-23 14:54:11,2,1207
2024-12-30 15:00:09,4,1208
2024-01-16 16:00:43,1,1209
2024-05-21 19:56:18,2,1210
2024-12-17 14:40:01,4,1211
2024-08-12 14:54:08,3,1212
2024-07-24 19:57:16,3,1213
2024-04-17 16:33:54,2,1214
2024-05-07 13:33:09,2,1215
2024-01-23 14:48:58,1,1216
2024-04-19 19:45:22,2,1217
2024-08-16 17:40:54,3,1218
2024-03-08 15:45:23,1,1219
2024-10-22 13:34:44,4,1220
2024-04-24 13:30:07,2,1221
2024-03-11 13:30:16,1,1222
2024-12-20 10:41:53,4,1223
2024-11-14 14:45:38,4,1224
2024-09-27 18:31:20,3,1225
2024-03-28 08:00:02,1,1226
2024-04-09 14:41:44,2,1227
2024-03-06 15:04:48,1,1228
2024-12-06 16:13:26,4,1229
2024-03-08 14:53:12,1,1230
2024-02-20 14:40:52,1,1231
2024-05-09 15:14:34,2,1232
2024-07-16 19:50:55,3,1233
2024-01-25 20:18:53,1,1234
2024-01-31 19:26:55,1,1235
2024-10-16 13:37:37,4,1236
2024-10-30 16:50:49,4,1237
2024-03-26 19:59:34,1,1238
2024-03-26 18:04:35,1,1239
2024-10-10 17:16:15,4,1240
2024-06-11 15:58:36,2,1241
2024-05-29 13:54:35,2,1242
2024-09-24 07:00:19,3,1243
2024-02-06 14:43:30,1,1244
2024-02-12 15:14:29,1,1245
2024-04-05 14:08:55,2,1246
2024-02-13 14:40:15,1,1247
2024-04-01 15:59:48,2,1248
2024-02-13 19:43:10,1,1249
2024-08-02 14:40:14,3,1250
2024-02-08 19:32:36,1,1251
2024-06-28 14:34:54,2,1252
2024-06-14 14:17:04,2,1253
2024-02-08 14:50:05,1,1254
2024-03-15 16:10:43,1,1255
2024-03-11 14:14:01,1,1256
2024-02-13 14:37:01,1,1257
2024-07-01 14:48:00,3,1258
2024-02-22 18:05:57,1,1259
2024-11-14 18:42:40,4,1260
2024-05-07 14:25:24,2,1261
2024-07-01 14:47:42,3,1262
2024-04-17 19:32:47,2,1263
2024-05-29 13:55:26,2,1264
2024-10-22 18:46:30,4,1265
2024-01-30 14:53:02,1,1266
2024-05-20 14:28:14,2,1267
2024-06-24 19:41:06,2,1268
2024-09-27 17:38:49,3,1269
2024-01-24 19:56:09,1,1270
2024-07-17 07:15:19,3,1271
2024-01-25 15:16:05,1,1272
2024-01-24 14:34:39,1,1273
2024-02-06 18:08:56,1,1274
2024-01-31 18:04:11,1,1275
2024-04-19 19:55:19,2,1276
2024-01-26 19:47:53,1,1277
2024-01-11 16:09:23,1,1278
2024-01-17 18:35:10,1,1279
2024-02-06 15:04:04,1,1280
2024-06-11 14:03:28,2,1281
2024-11-12 18:52:35,4,1282
2024-05-07 14:28:03,2,1283
2024-06-25 14:17:13,2,1284
2024-01-24 14:33:18,1,1285
2024-09-03 17:57:20,3,1286
2024-11-21 17:45:34,4,1287
2024-05-28 18:07:50,2,1288
2024-08-16 17:45:56,3,1289
2024-12-09 16:13:36,4,1290
2024-03-26 13:31:05,1,1291
2024-01-09 15:13:58,1,1292
2024-10-16 13:37:07,4,1293
2024-12-09 16:13:15,4,1294
2024-05-29 07:54:12,2,1295
2024-03-18 15:05:42,1,1296
2024-02-13 19:56:56,1,1297
2024-03-15 19:44:36,1,1298
2024-07-15 14:09:30,3,1299
2024-03-13 16:17:54,1,1300
2024-08-01 14:08:19,3,1301
2024-08-02 14:51:13,3,1302
2024-06-28 14:32:27,2,1303
2024-03-15 08:15:03,1,1304
2024-03-04 19:57:31,1,1305
2024-03-19 16:20:09,1,1306
2024-02-29 08:56:47,1,1307
2024-01-29 16:10:37,1,1308
2024-02-05 15:53:20,1,1309
2024-10-23 13:30:07,4,1310
2024-10-31 13:31:42,4,1311
2024-06-06 13:30:27,2,1312
2024-03-27 13:41:16,1,1313
2024-10-15 14:14:42,4,1314
2024-06-12 18:43:36,2,1315
2024-06-28 14:42:14,2,1316
2024-11-15 08:00:19,4,1317
2024-02-13 14:30:59,1,1318
2024-02-13 14:30:33,1,1319
2024-04-22 09:16:14,2,1320
2024-03-05 14:30:50,1,1321
2024-04-04 18:27:42,2,1322
2024-02-15 14:41:38,1,1323
2024-08-22 19:29:28,3,1324
2024-02-09 17:44:00,1,1325
2024-07-04 07:00:02,3,1326
2024-02-07 15:38:11,1,1327
2024-06-21 07:00:02,2,1328
2024-02-09 18:35:52,1,1329
2024-03-22 13:30:17,1,1330
2024-03-12 13:49:01,1,1331
2024-02-13 19:23:36,1,1332
2024-07-09 16:42:46,3,1333
2024-12-02 16:29:28,4,1334
2024-05-20 17:41:05,2,1335
2024-07-11 14:59:34,3,1336
2024-04-24 14:50:38,2,1337
2024-06-06 13:59:02,2,1338
2024-10-30 13:30:37,4,1339
2024-02-13 19:53:19,1,1340
2024-05-24 15:46:08,2,1341
2024-06-27 13:31:05,2,1342
2024-09-30 13:35:07,3,1343
2024-01-25 15:12:01,1,1344
2024-08-12 13:30:52,3,1345
2024-01-25 19:23:45,1,1346
2024-01-24 18:41:06,1,1347
2024-02-08 14:39:18,1,1348
2024-02-05 15:01:11,1,1349
2024-04-23 19:37:23,2,1350
2024-01-31 14:30:27,1,1351
2024-01-12 15:12:56,1,1352
2024-02-05 20:59:02,1,1353
2024-02-08 17:42:53,1,1354
2024-06-12 14:30:48,2,1355
2024-11-15 14:30:17,4,1356
2024-05-13 13:47:32,2,1357
2024-07-24 18:42:23,3,1358
2024-01-26 18:56:02,1,1359
2024-09-06 14:42:09,3,1360
2024-12-12 20:59:10,4,1361
2024-06-11 13:30:19,2,1362
2024-10-30 17:16:24,4,1363
2024-12-13 16:08:13,4,1364
2024-04-03 13:32:42,2,1365
2024-01-12 14:41:32,1,1366
2024-10-17 14:51:38,4,1367
2024-12-10 16:55:26,4,1368
2024-06-19 07:00:01,2,1369
2024-03-18 16:55:45,1,1370
2024-03-18 15:02:26,1,1371
2024-07-24 18:46:26,3,1372
2024-03-15 08:00:02,1,1373
2024-08-16 17:43:51,3,1374
2024-08-12 07:00:08,3,1375
2024-07-09 16:37:11,3,1376
2024-03-28 09:30:01,1,1377
2024-03-05 14:30:18,1,1378
2024-03-20 19:38:16,1,1379
2024-03-13 08:00:01,1,1380
2024-02-15 17:19:25,1,1381
2024-01-08 16:48:46,1,1382
2024-12-19 15:06:01,4,1383
2024-05-22 13:43:28,2,1384
2024-04-09 15:08:56,2,1385
2024-08-05 19:29:14,3,1386
2024-01-29 16:14:06,1,1387
2024-04-16 14:15:26,2,1388
2024-05-07 14:31:09,2,1389
2024-03-04 15:09:37,1,1390
2024-03-19 17:01:53,1,1391
2024-01-31 15:07:22,1,1392
2024-04-23 15:03:45,2,1393
2024-03-14 19:32:29,1,1394
2024-02-26 14:56:56,1,1395
2024-03-11 14:11:53,1,1396
2024-01-03 16:10:31,1,1397
2024-02-29 16:19:50,1,1398
2024-02-16 14:52:28,1,1399
2024-07-15 14:08:56,3,1400
2024-02-12 20:50:33,1,1401
2024-02-14 16:28:53,1,1402
2024-10-16 13:38:49,4,1403
2024-03-08 15:22:34,1,1404
2024-02-12 15:11:42,1,1405
2024-12-19 15:02:13,4,1406
2024-02-20 15:43:40,1,1407
2024-12-19 15:03:12,4,1408
2024-01-31 16:34:59,1,1409
2024-09-03 18:03:01,3,1410
2024-05-01 14:06:22,2,1411
2024-12-20 16:38:38,4,1412
2024-03-12 14:49:16,1,1413
2024-04-25 19:41:37,2,1414
2024-09-03 18:01:58,3,1415
2024-03-07 19:03:49,1,1416
2024-01-11 15:13:59,1,1417
2024-01-11 17:05:10,1,1418
2024-03-08 20:48:52,1,1419
2024-11-13 08:00:13,4,1420
2024-06-18 15:34:13,2,1421
2024-02-28 14:42:54,1,1422
2024-02-20 15:42:18,1,1423
2024-11-12 18:54:52,4,1424
2024-08-02 14:53:17,3,1425
2024-04-01 16:07:02,2,1426
2024-03-04 15:11:52,1,1427
2024-05-28 15:33:32,2,1428
2024-03-15 16:12:16,1,1429
2024-04-09 15:13:30,2,1430
2024-04-05 13:59:29,2,1431
2024-11-12 18:53:17,4,1432
2024-11-01 14:29:11,4,1433
2024-05-08 14:02:59,2,1434
2024-06-04 13:52:34,2,1435
2024-02-27 19:40:53,1,1436
2024-05-20 14:01:21,2,1437
2024-04-25 19:46:03,2,1438
2024-10-18 16:38:18,4,1439
2024-04-16 14:16:40,2,1440
2024-03-05 20:28:43,1,1441
2024-08-02 14:44:25,3,1442
2024-04-16 14:13:08,2,1443
2024-12-09 16:15:12,4,1444
2024-03-05 14:56:29,1,1445
2024-07-01 14:48:35,3,1446
2024-02-05 15:26:01,1,1447
2024-01-23 18:02:42,1,1448
2024-04-04 13:39:53,2,1449
2024-12-20 16:41:24,4,1450
2024-01-25 20:17:58,1,1451
2024-01-18 18:13:10,1,1452
2024-07-01 14:50:55,3,1453
2024-01-24 14:32:25,1,1454
2024-02-21 14:49:03,1,1455
2024-04-02 15:23:14,2,1456
2024-10-16 13:42:58,4,1457
2024-02-05 15:10:59,1,1458
2024-04-03 13:33:09,2,1459
2024-07-15 14:09:55,3,1460
2024-03-06 14:40:47,1,1461
2024-02-07 16:23:17,1,1462
2024-01-12 15:15:10,1,1463
2024-05-08 13:51:25,2,1464
2024-11-15 17:31:24,4,1465
2024-02-05 14:47:32,1,1466
2024-02-13 14:41:17,1,1467
2024-01-11 15:28:39,1,1468
2024-02-06 16:24:58,1,1469
2024-05-07 14:29:53,2,1470
2024-01-05 14:30:44,1,1471
2024-04-09 15:14:55,2,1472
2024-01-11 16:19:23,1,1473
2024-01-24 14:36:45,1,1474
2024-04-17 19:34:31,2,1475
2024-07-24 18:33:56,3,1476
2024-01-08 16:50:35,1,1477
2024-01-03 14:34:58,1,1478
2024-05-07 14:30:19,2,1479
2024-06-13 14:54:59,2,1480
2024-10-08 14:36:58,4,1481
2024-07-01 14:49:47,3,1482
2024-01-05 15:56:30,1,1483
2024-06-24 19:42:19,2,1484
2024-02-13 14:42:06,1,1485
2024-02-20 14:40:30,1,1486
2024-01-09 14:31:28,1,1487
2024-12-20 14:32:11,4,1488
2024-08-01 14:11:06,3,1489
2024-04-15 17:21:00,2,1490
2024-08-07 13:58:22,3,1491
2024-02-02 20:56:22,1,1492
2024-02-06 18:29:16,1,1493
2024-04-19 13:30:09,2,1494
2024-01-17 14:34:03,1,1495
2024-05-22 13:30:10,2,1496
2024-03-08 15:36:38,1,1497
2024-03-25 13:34:04,1,1498
2024-02-05 15:19:10,1,1499
2024-04-24 14:14:51,2,1500
2024-03-18 15:01:27,1,1501
2024-03-04 14:30:53,1,1502
2024-03-12 13:36:37,1,1503
2024-01-05 20:28:12,1,1504
2024-03-25 13:31:49,1,1505
2024-02-26 14:34:10,1,1506
2024-02-13 14:31:12,1,1507
2024-02-16 14:30:27,1,1508
2024-11-04 14:30:14,4,1509
2024-03-11 08:00:08,1,1510
2024-12-20 14:30:16,4,1511
2024-02-29 15:12:05,1,1512
2024-02-12 14:57:22,1,1513
2024-09-05 13:34:56,3,1514
2024-05-14 13:33:59,2,1515
2024-12-27 15:05:10,4,1516
2024-03-15 13:31:28,1,1517
2024-05-08 17:01:52,2,1518
2024-03-08 15:39:37,1,1519
2024-01-11 16:14:31,1,1520
2024-01-12 14:30:46,1,1521
2024-03-11 14:13:28,1,1522
2024-07-11 14:50:52,3,1523
2024-02-29 16:26:19,1,1524
2024-02-21 14:30:22,1,1525
2024-11-20 15:16:43,4,1526
2024-09-20 13:30:25,3,1527
2024-02-20 17:24:31,1,1528
2024-04-16 13:48:41,2,1529
2024-03-05 14:30:35,1,1530
2024-07-31 18:00:40,3,1531
2024-03-25 13:30:13,1,1532
2024-04-15 17:23:10,2,1533
2024-04-09 14:29:25,2,1534
2024-11-08 15:35:37,4,1535
2024-05-20 14:59:36,2,1536
2024-06-14 13:30:49,2,1537
2024-04-01 13:37:28,2,1538
2024-07-31 19:12:24,3,1539
2024-05-20 18:06:47,2,1540
2024-10-28 14:35:06,4,1541
2024-04-17 16:04:01,2,1542
2024-03-15 13:30:38,1,1543
2024-08-07 16:12:12,3,1544
2024-04-19 19:45:29,2,1545
2024-12-10 16:24:58,4,1546
2024-03-06 14:32:02,1,1547
2024-07-24 12:01:21,3,1548
2024-02-06 16:49:53,1,1549
2024-01-31 14:46:49,1,1550
2024-04-04 18:27:21,2,1551
2024-01-29 14:31:07,1,1552
2024-02-26 15:04:04,1,1553
2024-01-22 15:29:00,1,1554
2024-11-01 16:57:48,4,1555
2024-01-25 19:05:59,1,1556
2024-02-22 18:04:02,1,1557
2024-04-10 07:00:02,2,1558
2024-10-17 16:25:57,4,1559
2024-02-06 14:56:22,1,1560
2024-04-03 19:56:55,2,1561
2024-07-24 18:37:36,3,1562
2024-03-22 19:13:31,1,1563
2024-02-12 18:26:45,1,1564
2024-01-16 16:01:12,1,1565
2024-06-28 15:01:06,2,1566
2024-12-05 15:01:32,4,1567
2024-02-06 14:59:41,1,1568
2024-02-14 16:01:37,1,1569
2024-01-11 16:17:20,1,1570
2024-02-07 15:55:25,1,1571
2024-05-22 18:02:44,2,1572
2024-01-29 17:42:43,1,1573
2024-04-24 14:39:28,2,1574
2024-01-12 15:02:48,1,1575
2024-02-08 15:23:23,1,1576
2024-05-01 14:00:39,2,1577
2024-01-03 14:32:58,1,1578
2024-01-04 19:25:33,1,1579
2024-10-30 17:26:03,4,1580
2024-01-09 15:22:50,1,1581
2024-01-05 20:27:23,1,1582
2024-05-20 14:57:59,2,1583
2024-06-18 16:41:35,2,1584
2024-10-10 16:44:16,4,1585
2024-07-11 14:14:46,3,1586
2024-01-09 14:32:06,1,1587
2024-06-28 14:41:20,2,1588
2024-02-13 17:07:29,1,1589
2024-02-12 15:27:46,1,1590
2024-02-21 19:32:01,1,1591
2024-08-02 14:44:56,3,1592
2024-02-22 18:05:21,1,1593
2024-10-16 13:32:04,4,1594
2024-02-15 14:39:07,1,1595
2024-03-05 15:51:21,1,1596
2024-10-10 15:23:18,4,1597
2024-02-28 20:54:57,1,1598
2024-04-09 07:58:21,2,1599
2024-03-18 15:22:44,1,1600
2024-01-18 20:52:49,1,1601
2024-10-31 17:41:49,4,1602
2024-02-21 16:39:29,1,1603
2024-03-06 14:37:59,1,1604
2024-04-29 14:53:26,2,1605
2024-02-22 14:33:06,1,1606
2024-09-03 17:59:35,3,1607
2024-05-28 15:30:41,2,1608
2024-03-06 09:43:07,1,1609
2024-05-22 13:47:06,2,1610
2024-03-11 13:44:28,1,1611
2024-04-05 13:57:43,2,1612
2024-01-12 19:16:39,1,1613
2024-02-09 16:57:09,1,1614
2024-10-08 14:37:44,4,1615
2024-03-18 15:50:29,1,1616
2024-03-11 13:38:40,1,1617
2024-03-05 15:54:26,1,1618
2024-12-09 16:14:27,4,1619
2024-04-16 14:16:11,2,1620
2024-03-25 16:21:04,1,1621
2024-03-18 15:04:38,1,1622
2024-02-29 08:00:09,1,1623
2024-05-09 15:04:13,2,1624
2024-02-15 16:09:43,1,1625
2024-02-19 14:05:15,1,1626
2024-02-15 14:37:23,1,1627
2024-10-16 14:21:38,4,1628
2024-05-20 14:37:50,2,1629
2024-03-22 13:42:27,1,1630
2024-03-07 15:17:21,1,1631
2024-02-20 16:00:42,1,1632
2024-07-01 14:50:37,3,1633
2024-04-01 16:33:39,2,1634
2024-03-12 14:48:21,1,1635
2024-11-19 20:00:23,4,1636
2024-03-01 14:54:00,1,1637
2024-03-13 16:12:28,1,1638
2024-04-02 15:21:29,2,1639
2024-08-16 17:33:04,3,1640
2024-02-26 18:13:14,1,1641
2024-02-14 20:51:02,1,1642
2024-03-08 20:45:43,1,1643
2024-03-14 14:55:01,1,1644
2024-09-27 17:40:24,3,1645
2024-03-15 19:41:24,1,1646
2024-06-28 14:33:25,2,1647
2024-03-19 16:18:06,1,1648
2024-03-14 19:37:56,1,1649
2024-01-26 16:35:00,1,1650
2024-03-11 14:10:09,1,1651
2024-02-23 17:02:32,1,1652
2024-02-23 20:12:04,1,1653
2024-03-04 15:04:51,1,1654
2024-05-01 14:05:48,2,1655
2024-08-16 17:42:48,3,1656
2024-03-11 14:11:26,1,1657
2024-03-05 20:29:54,1,1658
2024-02-23 14:38:07,1,1659
2024-02-22 16:21:50,1,1660
2024-02-13 19:58:20,1,1661
2024-02-16 20:53:15,1,1662
2024-02-27 15:00:02,1,1663
2024-02-12 16:00:11,1,1664
2024-02-27 20:56:53,1,1665
2024-04-30 14:45:56,2,1666
2024-02-23 16:55:21,1,1667
2024-02-20 15:43:04,1,1668
2024-04-25 19:43:42,2,1669
2024-01-23 15:07:24,1,1670
2024-04-17 08:57:22,2,1671
2024-02-13 14:38:34,1,1672
2024-04-23 15:04:55,2,1673
2024-02-12 20:49:28,1,1674
2024-04-16 14:10:45,2,1675
2024-04-19 19:56:39,2,1676
2024-03-13 16:14:27,1,1677
2024-11-15 17:29:43,4,1678
2024-02-21 15:11:24,1,1679
2024-10-16 13:40:34,4,1680
2024-04-17 19:35:45,2,1681
2024-03-11 14:10:39,1,1682
2024-02-08 16:02:51,1,1683
2024-04-22 17:29:00,2,1684
2024-02-16 18:40:29,1,1685
2024-02-14 14:34:29,1,1686
2024-02-20 18:19:08,1,1687
2024-02-14 16:31:27,1,1688
2024-01-11 16:10:53,1,1689
2024-12-19 15:02:49,4,1690
2024-04-19 19:54:18,2,1691
2024-01-09 15:11:56,1,1692
2024-02-13 14:39:03,1,1693
2024-08-16 17:30:00,3,1694
2024-01-03 19:28:55,1,1695
2024-12-27 15:37:02,4,1696
2024-12-05 16:22:04,4,1697
2024-04-04 13:41:36,2,1698
2024-02-20 19:50:04,1,1699
2024-04-05 14:00:38,2,1700
2024-07-17 14:29:43,3,1701
2024-05-20 14:27:40,2,1702
2024-01-30 15:52:30,1,1703
2024-03-20 11:24:55,1,1704
2024-04-09 15:15:19,2,1705
2024-04-16 14:12:35,2,1706
2024-07-08 17:05:21,3,1707
2024-11-15 17:28:49,4,1708
2024-07-24 13:53:51,3,1709
2024-08-02 14:52:22,3,1710
2024-02-13 16:00:35,1,1711
2024-02-13 18:50:09,1,1712
2024-04-09 15:10:23,2,1713
2024-05-07 14:28:25,2,1714
2024-04-23 13:40:11,2,1715
2024-01-24 19:54:44,1,1716
2024-04-01 16:08:10,2,1717
2024-12-05 16:19:07,4,1718
2024-05-28 15:31:06,2,1719
2024-03-04 16:05:45,1,1720
2024-06-18 15:34:42,2,1721
2024-02-01 16:21:25,1,1722
2024-01-25 20:24:49,1,1723
2024-01-24 20:22:30,1,1724
2024-12-05 16:23:43,4,1725
2024-06-13 15:37:59,2,1726
2024-05-22 13:49:56,2,1727
2024-01-03 11:46:03,1,1728
2024-02-27 15:06:11,1,1729
2024-12-19 15:05:28,4,1730
2024-04-30 14:45:14,2,1731
2024-01-22 15:56:54,1,1732
2024-12-23 14:30:30,4,1733
2024-04-05 14:07:50,2,1734
2024-01-23 14:50:57,1,1735
2024-07-17 14:30:04,3,1736
2024-04-17 19:28:31,2,1737
2024-04-17 19:32:07,2,1738
2024-11-12 18:55:56,4,1739
2024-07-24 18:38:28,3,1740
2024-01-24 14:36:31,1,1741
2024-02-22 14:53:57,1,1742
2024-02-12 14:58:40,1,1743
2024-02-13 18:57:57,1,1744
2024-01-18 14:30:58,1,1745
2024-10-24 14:57:19,4,1746
2024-04-09 09:53:08,2,1747
2024-03-26 08:32:25,1,1748
2024-10-16 13:42:26,4,1749
2024-02-07 20:50:00,1,1750
2024-08-12 14:37:32,3,1751
2024-02-09 17:32:47,1,1752
2024-05-21 16:29:28,2,1753
2024-05-07 14:29:17,2,1754
2024-08-16 18:07:43,3,1755
2024-02-05 16:32:37,1,1756
2024-09-25 16:38:22,3,1757
2024-02-06 18:39:13,1,1758
2024-09-03 18:00:07,3,1759
2024-08-07 13:40:28,3,1760
2024-11-14 18:41:07,4,1761
2024-03-26 13:34:09,1,1762
2024-07-24 13:54:33,3,1763
2024-01-08 14:42:17,1,1764
2024-03-08 20:46:05,1,1765
2024-03-12 14:50:39,1,1766
2024-08-16 17:45:46,3,1767
2024-08-07 17:25:28,3,1768
2024-10-09 13:30:12,4,1769
2024-02-22 14:32:10,1,1770
2024-03-19 15:37:58,1,1771
2024-08-07 14:17:06,3,1772
2024-02-22 18:23:29,1,1773
2024-10-16 13:44:38,4,1774
2024-02-19 08:00:02,1,1775
2024-03-06 19:02:03,1,1776
2024-10-31 13:30:24,4,1777
2024-02-29 16:39:18,1,1778
2024-04-09 08:35:08,2,1779
2024-03-22 14:11:20,1,1780
2024-01-22 18:27:30,1,1781
2024-11-04 14:30:19,4,1782
2024-02-22 15:45:09,1,1783
2024-03-06 16:25:26,1,1784
2024-05-02 16:39:53,2,1785
2024-02-22 20:27:16,1,1786
2024-02-01 11:12:03,1,1787
2024-09-13 19:48:11,3,1788
2024-06-28 19:32:08,2,1789
2024-03-08 15:17:48,1,1790
2024-05-24 14:45:23,2,1791
2024-03-20 08:00:31,1,1792
2024-04-17 15:30:50,2,1793
2024-01-16 16:12:33,1,1794
2024-02-12 15:49:17,1,1795
2024-10-22 13:30:04,4,1796
2024-03-19 13:30:20,1,1797
2024-03-15 14:01:39,1,1798
2024-03-08 08:00:02,1,1799
2024-12-10 18:06:26,4,1800
2024-06-07 07:00:02,2,1801
2024-03-27 13:56:03,1,1802
2024-03-22 08:09:51,1,1803
2024-03-05 08:00:03,1,1804
2024-06-06 19:42:14,2,1805
2024-02-15 20:01:45,1,1806
2024-02-20 14:43:07,1,1807
2024-02-15 14:53:46,1,1808
2024-10-21 14:31:05,4,1809
2024-09-18 13:30:53,3,1810
2024-03-22 19:12:07,1,1811
2024-03-08 15:49:27,1,1812
2024-02-23 08:00:01,1,1813
2024-04-02 13:30:32,2,1814
2024-03-12 16:39:27,1,1815
2024-03-01 17:05:41,1,1816
2024-03-13 19:28:04,1,1817
2024-04-04 18:55:48,2,1818
2024-09-20 13:59:39,3,1819
2024-02-26 20:02:56,1,1820
2024-02-15 14:35:28,1,1821
2024-03-14 16:08:13,1,1822
2024-10-08 16:01:22,4,1823
2024-03-18 15:12:50,1,1824
2024-03-21 18:43:05,1,1825
2024-03-15 19:37:39,1,1826
2024-01-30 14:48:50,1,1827
2024-03-12 13:34:21,1,1828
2024-02-23 18:04:14,1,1829
2024-02-26 14:44:55,1,1830
2024-03-04 20:44:32,1,1831
2024-05-07 13:49:44,2,1832
2024-09-04 13:30:42,3,1833
2024-03-15 19:58:38,1,1834
2024-03-11 13:31:30,1,1835
2024-02-23 15:10:12,1,1836
2024-02-22 18:03:20,1,1837
2024-02-14 14:32:09,1,1838
2024-02-20 15:01:24,1,1839
2024-02-27 15:00:30,1,1840
2024-02-12 18:28:51,1,1841
2024-03-05 15:18:12,1,1842
2024-05-07 13:42:38,2,1843
2024-02-27 14:39:14,1,1844
2024-02-26 15:21:14,1,1845
2024-04-26 19:55:23,2,1846
2024-02-01 15:56:25,1,1847
2024-04-18 07:30:21,2,1848
2024-02-14 14:40:33,1,1849
2024-04-24 14:19:24,2,1850
2024-02-13 15:58:29,1,1851
2024-04-17 07:38:29,2,1852
2024-04-22 14:06:49,2,1853
2024-03-19 13:30:07,1,1854
2024-11-18 14:30:04,4,1855
2024-02-21 16:33:52,1,1856
2024-10-30 13:42:37,4,1857
2024-05-28 13:33:47,2,1858
2024-03-13 13:33:49,1,1859
2024-02-12 14:30:13,1,1860
2024-04-24 13:49:41,2,1861
2024-02-20 14:35:47,1,1862
2024-02-15 13:50:50,1,1863
2024-02-16 18:11:37,1,1864
2024-01-29 17:57:39,1,1865
2024-12-20 09:27:21,4,1866
2024-04-23 15:01:32,2,1867
2024-01-26 14:40:42,1,1868
2024-02-13 17:07:28,1,1869
2024-09-24 13:32:51,3,1870
2024-01-09 14:31:33,1,1871
2024-04-04 18:10:45,2,1872
2024-02-21 17:12:43,1,1873
2024-04-09 14:42:31,2,1874
2024-09-19 18:17:37,3,1875
2024-05-24 18:23:33,2,1876
2024-02-08 14:40:27,1,1877
2024-03-21 11:47:16,1,1878
2024-04-15 17:28:09,2,1879
2024-04-19 16:28:22,2,1880
2024-09-13 16:07:09,3,1881
2024-12-05 15:13:18,4,1882
2024-09-16 13:33:52,3,1883
2024-09-03 16:07:11,3,1884
2024-02-13 17:27:13,1,1885
2024-02-14 15:32:16,1,1886
2024-04-18 16:12:45,2,1887
2024-05-10 14:11:08,2,1888
2024-04-23 13:47:21,2,1889
2024-01-24 20:15:47,1,1890
2024-04-15 19:18:45,2,1891
2024-12-20 14:30:20,4,1892
2024-06-05 15:50:49,2,1893
2024-03-06 08:07:08,1,1894
2024-07-24 14:00:45,3,1895
2024-01-31 14:30:42,1,1896
2024-01-25 17:35:10,1,1897
2024-12-18 20:38:56,4,1898
2024-06-17 19:50:06,2,1899
2024-05-28 13:33:48,2,1900
2024-01-16 08:00:19,1,1901
2024-03-04 09:05:03,1,1902
2024-12-20 20:55:02,4,1903
2024-05-02 15:32:17,2,1904
2024-01-23 14:35:16,1,1905
2024-04-17 13:12:07,2,1906
2024-01-24 19:24:02,1,1907
2024-01-12 15:47:49,1,1908
2024-10-30 13:41:26,4,1909
2024-06-13 16:13:08,2,1910
2024-04-23 19:32:45,2,1911
2024-11-15 14:31:10,4,1912
2024-01-04 08:00:17,1,1913
2024-08-28 14:44:18,3,1914
2024-01-31 15:33:58,1,1915
2024-02-27 12:34:32,1,1916
2024-02-12 18:16:09,1,1917
2024-02-14 15:59:01,1,1918
2024-01-18 18:11:45,1,1919
2024-10-30 19:46:40,4,1920
2024-04-16 07:03:03,2,1921
2024-04-04 07:21:58,2,1922
2024-02-12 14:40:23,1,1923
2024-08-12 15:00:59,3,1924
2024-03-04 15:12:19,1,1925
2024-08-16 17:38:25,3,1926
2024-05-21 13:30:19,2,1927
2024-09-24 13:30:37,3,1928
2024-02-05 20:13:55,1,1929
2024-10-15 19:05:41,4,1930
2024-02-07 16:00:53,1,1931
2024-09-19 18:48:33,3,1932
2024-08-12 14:35:17,3,1933
2024-12-03 20:57:16,4,1934
2024-01-03 16:50:02,1,1935
2024-04-01 13:31:18,2,1936
2024-08-19 18:37:43,3,1937
2024-01-11 15:04:55,1,1938
2024-03-11 13:31:20,1,1939
2024-03-14 19:09:10,1,1940
2024-02-26 18:11:54,1,1941
2024-01-31 15:08:18,1,1942
2024-01-24 14:44:41,1,1943
2024-02-12 14:32:39,1,1944
2024-04-17 13:12:37,2,1945
2024-02-23 16:43:23,1,1946
2024-05-02 10:03:50,2,1947
2024-04-19 14:11:22,2,1948
2024-08-02 14:41:43,3,1949
2024-04-01 16:01:33,2,1950
2024-05-29 13:55:16,2,1951
2024-06-13 14:54:08,2,1952
2024-06-26 15:09:12,2,1953
2024-10-24 14:56:38,4,1954
2024-04-17 19:33:27,2,1955
2024-05-21 16:27:33,2,1956
2024-10-08 14:29:25,4,1957
2024-03-15 19:46:13,1,1958
2024-03-19 16:47:01,1,1959
2024-07-01 14:49:02,3,1960
2024-05-08 13:52:22,2,1961
2024-10-16 13:35:55,4,1962
2024-04-17 19:31:36,2,1963
2024-05-07 14:27:37,2,1964
2024-05-20 14:25:19,2,1965
2024-03-18 15:41:10,1,1966
2024-04-22 07:00:07,2,1967
2024-05-28 18:01:08,2,1968
2024-06-13 14:54:29,2,1969
2024-08-16 17:31:41,3,1970
2024-09-03 17:59:12,3,1971
2024-10-30 16:05:19,4,1972
2024-04-17 19:31:11,2,1973
2024-06-24 16:45:53,2,1974
2024-07-17 14:30:23,3,1975
2024-12-05 16:22:38,4,1976
2024-05-22 14:28:06,2,1977
2024-05-20 14:01:35,2,1978
2024-08-02 14:41:01,3,1979
2024-05-10 19:58:00,2,1980
2024-05-22 13:47:45,2,1981
2024-05-09 13:57:16,2,1982
2024-09-06 14:22:13,3,1983
2024-02-16 20:57:33,1,1984
2024-05-28 18:02:09,2,1985
2024-06-07 13:31:01,2,1986
2024-07-24 13:53:33,3,1987
2024-02-20 17:19:01,1,1988
2024-05-01 14:02:01,2,1989
2024-02-09 14:46:50,1,1990
2024-03-08 20:51:03,1,1991
2024-07-24 18:29:02,3,1992
2024-07-24 19:33:36,3,1993
2024-04-04 13:40:31,2,1994
2024-07-17 12:42:23,3,1995
2024-12-09 16:13:59,4,1996
2024-04-09 15:12:22,2,1997
2024-12-10 10:44:43,4,1998
2024-02-26 14:50:34,1,1999
2024-08-16 17:31:08,3,2000
2024-08-02 14:49:26,3,2001
2024-04-12 14:11:12,2,2002
2024-10-08 14:28:43,4,2003
2024-04-12 17:43:15,2,2004
2024-04-09 15:13:55,2,2005
2024-03-13 16:16:40,1,2006
2024-04-05 13:58:47,2,2007
2024-04-05 14:06:45,2,2008
2024-03-06 14:37:34,1,2009
2024-03-12 14:50:11,1,2010
2024-02-27 15:19:56,1,2011
2024-03-14 14:51:55,1,2012
2024-03-08 20:45:02,1,2013
2024-05-07 14:31:27,2,2014
2024-03-07 15:39:25,1,2015
2024-10-31 17:40:50,4,2016
2024-03-14 19:37:12,1,2017
2024-04-26 13:34:28,2,2018
2024-04-09 15:14:21,2,2019
2024-11-12 18:52:00,4,2020
2024-10-16 15:09:59,4,2021
2024-07-17 14:31:05,3,2022
2024-03-04 15:03:47,1,2023
2024-04-04 13:42:43,2,2024
2024-04-05 14:03:56,2,2025
2024-10-10 15:20:09,4,2026
2024-03-11 14:28:20,1,2027
2024-04-01 16:03:19,2,2028
2024-02-27 15:14:21,1,2029
2024-03-05 14:45:58,1,2030
2024-03-08 08:17:27,1,2031
2024-11-19 15:47:13,4,2032
2024-03-05 19:35:25,1,2033
2024-04-12 14:15:20,2,2034
2024-04-05 14:09:29,2,2035
2024-02-22 11:47:58,1,2036
2024-06-14 14:19:30,2,2037
2024-03-05 17:11:48,1,2038
2024-03-19 14:36:08,1,2039
2024-03-08 16:27:53,1,2040
2024-06-12 15:22:02,2,2041
2024-04-09 15:11:35,2,2042
2024-01-22 14:38:09,1,2043
2024-03-25 13:36:34,1,2044
2024-02-09 14:30:18,1,2045
2024-01-31 14:37:21,1,2046
2024-02-23 14:30:15,1,2047
2024-05-23 14:47:40,2,2048
2024-02-26 17:09:04,1,2049
2024-05-07 13:57:09,2,2050
2024-04-25 13:30:17,2,2051
2024-08-08 07:00:30,3,2052
2024-04-04 14:02:10,2,2053
2024-02-06 18:28:13,1,2054
2024-06-06 13:53:14,2,2055
2024-06-20 13:32:23,2,2056
2024-07-09 14:31:22,3,2057
2024-11-13 17:30:08,4,2058
2024-07-24 18:25:41,3,2059
2024-05-23 19:06:14,2,2060
2024-10-22 13:44:42,4,2061
2024-03-18 19:56:34,1,2062
2024-03-20 15:54:00,1,2063
2024-08-12 14:21:42,3,2064
2024-05-17 14:08:27,2,2065
2024-10-30 13:30:22,4,2066
2024-04-24 15:01:44,2,2067
2024-05-07 18:06:19,2,2068
2024-05-21 16:52:11,2,2069
2024-03-19 13:30:17,1,2070
2024-04-24 14:15:11,2,2071
2024-07-08 16:12:23,3,2072
2024-06-28 19:58:53,2,2073
2024-09-20 13:31:28,3,2074
2024-10-15 14:23:10,4,2075
2024-11-01 18:38:00,4,2076
2024-04-24 15:59:42,2,2077
2024-06-28 14:36:28,2,2078
2024-07-24 19:33:19,3,2079
2024-12-10 20:50:04,4,2080
2024-10-16 15:10:09,4,2081
2024-07-24 18:20:01,3,2082
2024-08-08 07:00:29,3,2083
2024-05-14 19:52:21,2,2084
2024-06-12 13:31:48,2,2085
2024-05-10 14:06:22,2,2086
2024-09-27 14:47:17,3,2087
2024-02-20 17:02:37,1,2088
2024-07-24 19:14:02,3,2089
2024-06-14 14:00:43,2,2090
2024-08-07 13:40:08,3,2091
2024-03-05 14:32:25,1,2092
2024-05-07 13:30:15,2,2093
2024-02-06 18:28:26,1,2094
2024-02-09 16:35:58,1,2095
2024-03-11 13:59:19,1,2096
2024-08-07 13:40:01,3,2097
2024-09-26 16:04:17,3,2098
2024-04-04 18:28:11,2,2099
2024-08-02 14:41:15,3,2100
2024-12-10 09:53:05,4,2101
2024-04-16 07:00:03,2,2102
2024-02-06 18:28:34,1,2103
2024-02-28 08:00:03,1,2104
2024-09-27 17:39:56,3,2105
2024-09-06 13:39:20,3,2106
2024-04-17 13:32:17,2,2107
2024-11-04 14:31:35,4,2108
2024-04-17 16:24:06,2,2109
2024-03-13 19:20:05,1,2110
2024-04-09 14:19:09,2,2111
2024-04-16 14:11:50,2,2112
2024-03-06 14:51:24,1,2113
2024-03-12 19:48:10,1,2114
2024-03-14 16:08:24,1,2115
2024-03-11 13:30:10,1,2116
2024-05-08 12:35:11,2,2117
2024-03-08 15:50:27,1,2118
2024-11-08 15:38:41,4,2119
2024-03-18 15:11:32,1,2120
2024-04-26 16:00:24,2,2121
2024-11-14 19:56:52,4,2122
2024-10-21 09:30:17,4,2123
2024-08-13 07:26:10,3,2124
2024-03-04 16:34:38,1,2125
2024-04-04 19:00:08,2,2126
2024-04-12 13:54:30,2,2127
2024-10-31 10:36:44,4,2128
2024-03-12 13:37:48,1,2129
2024-04-02 19:37:07,2,2130
2024-03-01 20:58:02,1,2131
2024-03-11 13:32:40,1,2132
2024-03-08 16:09:55,1,2133
2024-12-20 14:30:19,4,2134
2024-03-06 14:32:29,1,2135
2024-05-17 13:30:14,2,2136
2024-04-09 14:53:18,2,2137
2024-02-22 14:52:09,1,2138
2024-06-18 14:05:28,2,2139
2024-03-05 18:22:40,1,2140
2024-04-04 14:05:45,2,2141
2024-03-11 08:00:02,1,2142
2024-08-01 14:30:42,3,2143
2024-04-19 13:38:23,2,2144
