TimeKey,SymbolKey,GeographyKey,TransactionTypeKey,TransactionType,Units,FactTransactionKey,TransactionCount
1,284.0,175.0,1,BUY,1605.0,1,1
2,284.0,175.0,2,SELL,1605.0,2,1
3,284.0,175.0,2,SELL,914.0,3,1
4,4.0,25.0,1,BUY,646.0,4,1
5,258.0,131.0,2,SELL,646.0,5,1
6,4.0,25.0,1,BUY,519.0,6,1
7,258.0,131.0,2,SELL,519.0,7,1
8,4.0,25.0,1,BUY,515.0,8,1
9,258.0,131.0,2,SELL,515.0,9,1
10,4.0,25.0,1,BUY,320.0,10,1
11,258.0,131.0,2,SELL,320.0,11,1
12,342.0,235.0,1,BUY,309.0,12,1
13,342.0,235.0,2,SELL,309.0,13,1
14,342.0,235.0,1,BUY,303.0,14,1
15,342.0,235.0,1,BUY,303.0,15,1
16,342.0,235.0,2,SELL,303.0,16,1
17,342.0,235.0,2,SELL,303.0,17,1
18,1581.0,236.0,1,BUY,287.0,18,1
19,1581.0,236.0,2,SELL,287.0,19,1
20,1581.0,236.0,1,BUY,255.0,20,1
21,1581.0,236.0,2,SELL,255.0,21,1
22,342.0,235.0,1,BUY,233.0,22,1
23,342.0,235.0,2,SELL,233.0,23,1
24,4.0,25.0,1,BUY,222.0,24,1
25,4.0,25.0,1,BUY,222.0,25,1
26,258.0,131.0,2,SELL,222.0,26,1
27,342.0,235.0,1,BUY,221.0,27,1
28,342.0,235.0,2,SELL,221.0,28,1
29,342.0,235.0,1,BUY,217.0,29,1
30,342.0,235.0,2,SELL,217.0,30,1
31,4.0,25.0,1,BUY,215.0,31,1
32,258.0,131.0,2,SELL,215.0,32,1
33,4.0,25.0,1,BUY,214.0,33,1
34,258.0,131.0,2,SELL,214.0,34,1
37,4.0,25.0,1,BUY,199.0,37,1
38,258.0,131.0,2,SELL,199.0,38,1
39,4.0,25.0,1,BUY,198.0,39,1
40,4.0,25.0,1,BUY,198.0,40,1
41,258.0,131.0,2,SELL,198.0,41,1
42,258.0,131.0,2,SELL,198.0,42,1
43,342.0,235.0,1,BUY,195.0,43,1
30,342.0,235.0,2,SELL,195.0,44,1
44,4.0,25.0,1,BUY,190.0,45,1
48,1581.0,236.0,1,BUY,177.0,49,1
49,1581.0,236.0,2,SELL,177.0,50,1
50,1581.0,236.0,1,BUY,155.0,51,1
51,1581.0,236.0,2,SELL,155.0,52,1
52,1581.0,236.0,1,BUY,147.0,53,1
53,1581.0,236.0,2,SELL,147.0,54,1
54,1581.0,236.0,1,BUY,146.0,55,1
55,1581.0,236.0,2,SELL,146.0,56,1
56,1581.0,236.0,1,BUY,144.0,57,1
57,1581.0,236.0,2,SELL,144.0,58,1
60,317.0,218.0,1,BUY,135.0,61,1
61,265.0,144.0,1,BUY,135.0,62,1
62,317.0,218.0,2,SELL,135.0,63,1
63,265.0,144.0,2,SELL,135.0,64,1
64,265.0,144.0,1,BUY,133.0,65,1
65,265.0,144.0,2,SELL,133.0,66,1
66,1581.0,236.0,1,BUY,132.0,67,1
67,1581.0,236.0,2,SELL,132.0,68,1
81,542.0,236.0,1,BUY,107.0,82,1
82,542.0,236.0,2,SELL,107.0,83,1
84,384.0,236.0,1,BUY,101.0,85,1
85,542.0,236.0,1,BUY,101.0,86,1
86,384.0,236.0,2,SELL,101.0,87,1
87,542.0,236.0,2,SELL,101.0,88,1
91,542.0,236.0,1,BUY,93.0,92,1
96,542.0,236.0,1,BUY,91.0,97,1
98,542.0,236.0,1,BUY,91.0,99,1
99,542.0,236.0,2,SELL,91.0,100,1
101,542.0,236.0,2,SELL,91.0,102,1
102,542.0,236.0,1,BUY,87.0,103,1
103,542.0,236.0,2,SELL,87.0,104,1
104,542.0,236.0,1,BUY,84.0,105,1
106,542.0,236.0,2,SELL,84.0,107,1
108,542.0,236.0,1,BUY,83.0,109,1
109,542.0,236.0,2,SELL,83.0,110,1
110,542.0,236.0,1,BUY,82.0,111,1
111,265.0,144.0,2,SELL,82.0,112,1
112,542.0,236.0,2,SELL,82.0,113,1
113,542.0,236.0,1,BUY,81.0,114,1
114,542.0,236.0,2,SELL,81.0,115,1
115,284.0,175.0,1,BUY,80.0,116,1
116,284.0,175.0,2,SELL,80.0,117,1
117,284.0,175.0,1,BUY,75.0,118,1
118,284.0,175.0,2,SELL,75.0,119,1
119,198.0,104.0,1,BUY,74.0,120,1
120,225.0,108.0,2,SELL,74.0,121,1
121,198.0,104.0,1,BUY,73.0,122,1
122,225.0,108.0,2,SELL,73.0,123,1
123,198.0,104.0,1,BUY,71.0,124,1
124,225.0,108.0,2,SELL,71.0,125,1
127,317.0,218.0,1,BUY,68.0,128,1
128,317.0,218.0,2,SELL,68.0,129,1
129,6.0,25.0,1,BUY,67.0,130,1
130,317.0,218.0,2,SELL,67.0,131,1
131,542.0,236.0,1,BUY,63.0,132,1
132,542.0,236.0,2,SELL,63.0,133,1
133,47.0,32.0,1,BUY,62.0,134,1
134,542.0,236.0,1,BUY,62.0,135,1
135,47.0,32.0,2,SELL,62.0,136,1
136,542.0,236.0,2,SELL,62.0,137,1
137,542.0,236.0,1,BUY,61.0,138,1
138,542.0,236.0,2,SELL,61.0,139,1
139,1641.0,236.0,1,BUY,60.0,140,1
140,2887.0,236.0,1,BUY,60.0,141,1
141,47.0,32.0,1,BUY,60.0,142,1
142,1641.0,236.0,2,SELL,60.0,143,1
143,2887.0,236.0,2,SELL,60.0,144,1
120,47.0,32.0,2,SELL,60.0,145,1
144,47.0,32.0,1,BUY,58.0,146,1
145,54.0,243.0,1,BUY,58.0,147,1
146,542.0,236.0,1,BUY,58.0,148,1
147,1641.0,236.0,1,BUY,58.0,149,1
148,542.0,236.0,1,BUY,58.0,150,1
149,47.0,32.0,2,SELL,58.0,151,1
150,54.0,243.0,2,SELL,58.0,152,1
151,542.0,236.0,2,SELL,58.0,153,1
152,1641.0,236.0,2,SELL,58.0,154,1
153,542.0,236.0,2,SELL,58.0,155,1
158,542.0,236.0,1,BUY,56.0,160,1
159,542.0,236.0,1,BUY,56.0,161,1
160,47.0,32.0,1,BUY,56.0,162,1
161,542.0,236.0,1,BUY,56.0,163,1
164,542.0,236.0,2,SELL,56.0,166,1
165,542.0,236.0,2,SELL,56.0,167,1
166,47.0,32.0,2,SELL,56.0,168,1
167,542.0,236.0,2,SELL,56.0,169,1
168,542.0,236.0,1,BUY,55.0,170,1
170,542.0,236.0,1,BUY,55.0,172,1
171,47.0,32.0,1,BUY,55.0,173,1
172,542.0,236.0,2,SELL,55.0,174,1
174,542.0,236.0,2,SELL,55.0,176,1
175,47.0,32.0,2,SELL,55.0,177,1
176,47.0,32.0,1,BUY,54.0,178,1
177,47.0,32.0,2,SELL,54.0,179,1
179,138.0,42.0,1,BUY,53.0,181,1
181,138.0,42.0,2,SELL,53.0,183,1
182,47.0,32.0,1,BUY,52.0,184,1
183,542.0,236.0,1,BUY,52.0,185,1
184,138.0,42.0,1,BUY,52.0,186,1
185,47.0,32.0,2,SELL,52.0,187,1
186,542.0,236.0,2,SELL,52.0,188,1
187,198.0,104.0,1,BUY,51.0,189,1
188,225.0,108.0,2,SELL,51.0,190,1
189,198.0,104.0,1,BUY,50.0,191,1
190,198.0,104.0,1,BUY,50.0,192,1
192,198.0,104.0,1,BUY,50.0,194,1
193,225.0,108.0,2,SELL,50.0,195,1
194,225.0,108.0,2,SELL,50.0,196,1
196,225.0,108.0,2,SELL,50.0,198,1
197,198.0,104.0,1,BUY,49.0,199,1
199,225.0,108.0,2,SELL,49.0,201,1
202,6.0,25.0,1,BUY,48.0,204,1
203,198.0,104.0,1,BUY,48.0,205,1
205,317.0,218.0,2,SELL,48.0,207,1
206,225.0,108.0,2,SELL,48.0,208,1
207,6.0,25.0,1,BUY,47.0,209,1
208,6.0,25.0,1,BUY,47.0,210,1
209,317.0,218.0,2,SELL,47.0,211,1
210,317.0,218.0,2,SELL,47.0,212,1
211,198.0,104.0,1,BUY,46.0,213,1
212,6.0,25.0,1,BUY,46.0,214,1
213,6.0,25.0,1,BUY,46.0,215,1
215,1641.0,236.0,1,BUY,46.0,217,1
216,225.0,108.0,2,SELL,46.0,218,1
217,317.0,218.0,2,SELL,46.0,219,1
218,317.0,218.0,2,SELL,46.0,220,1
220,6.0,25.0,1,BUY,45.0,222,1
222,6.0,25.0,1,BUY,45.0,224,1
223,6.0,25.0,1,BUY,45.0,225,1
224,138.0,42.0,1,BUY,45.0,226,1
225,51.0,32.0,1,BUY,45.0,227,1
228,138.0,42.0,1,BUY,45.0,230,1
229,317.0,218.0,2,SELL,45.0,231,1
231,317.0,218.0,2,SELL,45.0,233,1
232,317.0,218.0,2,SELL,45.0,234,1
233,138.0,42.0,2,SELL,45.0,235,1
234,51.0,32.0,2,SELL,45.0,236,1
237,138.0,42.0,2,SELL,45.0,239,1
238,198.0,104.0,1,BUY,44.0,240,1
239,51.0,32.0,1,BUY,44.0,241,1
241,225.0,108.0,2,SELL,44.0,243,1
242,51.0,32.0,2,SELL,44.0,244,1
244,205.0,108.0,1,BUY,43.0,246,1
245,223.0,108.0,1,BUY,43.0,247,1
247,198.0,104.0,1,BUY,43.0,249,1
248,223.0,108.0,2,SELL,43.0,250,1
249,273.0,157.0,2,SELL,43.0,251,1
253,51.0,32.0,1,BUY,42.0,255,1
256,51.0,32.0,2,SELL,42.0,258,1
257,54.0,243.0,1,BUY,41.0,259,1
258,198.0,104.0,1,BUY,41.0,260,1
261,54.0,243.0,2,SELL,41.0,263,1
262,225.0,108.0,2,SELL,41.0,264,1
270,223.0,108.0,1,BUY,39.0,272,1
271,47.0,32.0,1,BUY,39.0,273,1
272,54.0,243.0,1,BUY,39.0,274,1
273,138.0,42.0,1,BUY,39.0,275,1
274,54.0,243.0,1,BUY,39.0,276,1
276,273.0,157.0,2,SELL,39.0,278,1
277,47.0,32.0,2,SELL,39.0,279,1
278,54.0,243.0,2,SELL,39.0,280,1
279,138.0,42.0,2,SELL,39.0,281,1
280,54.0,243.0,2,SELL,39.0,282,1
282,223.0,108.0,1,BUY,38.0,284,1
285,273.0,157.0,2,SELL,38.0,287,1
287,1641.0,236.0,1,BUY,37.0,289,1
288,223.0,108.0,1,BUY,37.0,290,1
289,223.0,108.0,1,BUY,37.0,291,1
290,223.0,108.0,1,BUY,37.0,292,1
291,223.0,108.0,1,BUY,37.0,293,1
292,1641.0,236.0,2,SELL,37.0,294,1
293,273.0,157.0,2,SELL,37.0,295,1
294,273.0,157.0,2,SELL,37.0,296,1
295,273.0,157.0,2,SELL,37.0,297,1
296,273.0,157.0,2,SELL,37.0,298,1
297,223.0,108.0,1,BUY,36.0,299,1
298,54.0,243.0,1,BUY,36.0,300,1
300,273.0,157.0,2,SELL,36.0,302,1
301,54.0,243.0,2,SELL,36.0,303,1
303,223.0,108.0,1,BUY,35.0,305,1
304,138.0,42.0,1,BUY,35.0,306,1
305,223.0,108.0,1,BUY,35.0,307,1
306,51.0,32.0,1,BUY,35.0,308,1
307,47.0,32.0,1,BUY,35.0,309,1
308,47.0,32.0,1,BUY,35.0,310,1
309,273.0,157.0,2,SELL,35.0,311,1
310,138.0,42.0,2,SELL,35.0,312,1
311,273.0,157.0,2,SELL,35.0,313,1
312,51.0,32.0,2,SELL,35.0,314,1
313,47.0,32.0,2,SELL,35.0,315,1
314,47.0,32.0,2,SELL,35.0,316,1
316,54.0,243.0,1,BUY,34.0,318,1
317,138.0,42.0,1,BUY,34.0,319,1
318,51.0,32.0,1,BUY,34.0,320,1
319,51.0,32.0,1,BUY,34.0,321,1
321,54.0,243.0,2,SELL,34.0,323,1
322,138.0,42.0,2,SELL,34.0,324,1
323,51.0,32.0,2,SELL,34.0,325,1
324,51.0,32.0,2,SELL,34.0,326,1
325,138.0,42.0,1,BUY,33.0,327,1
326,51.0,32.0,1,BUY,33.0,328,1
328,542.0,236.0,1,BUY,33.0,330,1
329,223.0,108.0,1,BUY,33.0,331,1
330,138.0,42.0,2,SELL,33.0,332,1
331,51.0,32.0,2,SELL,33.0,333,1
333,542.0,236.0,2,SELL,33.0,335,1
334,276.0,157.0,2,SELL,33.0,336,1
336,54.0,243.0,1,BUY,32.0,338,1
338,54.0,243.0,2,SELL,32.0,340,1
339,51.0,32.0,1,BUY,31.0,341,1
340,51.0,32.0,2,SELL,31.0,342,1
341,219.0,108.0,1,BUY,30.0,343,1
342,6.0,25.0,1,BUY,30.0,344,1
343,223.0,108.0,1,BUY,30.0,345,1
344,285.0,175.0,1,BUY,30.0,346,1
347,215.0,108.0,2,SELL,30.0,349,1
348,6.0,25.0,2,SELL,30.0,350,1
349,276.0,157.0,2,SELL,30.0,351,1
350,285.0,175.0,2,SELL,30.0,352,1
352,315.0,216.0,1,BUY,29.0,354,1
354,51.0,32.0,1,BUY,29.0,356,1
355,315.0,216.0,2,SELL,29.0,357,1
357,51.0,32.0,2,SELL,29.0,359,1
358,2257.0,236.0,1,BUY,28.0,360,1
360,138.0,42.0,1,BUY,28.0,362,1
361,219.0,108.0,1,BUY,28.0,363,1
363,2257.0,236.0,2,SELL,28.0,365,1
365,138.0,42.0,2,SELL,28.0,367,1
368,40.0,32.0,1,BUY,27.0,370,1
369,51.0,32.0,1,BUY,27.0,371,1
370,223.0,108.0,1,BUY,27.0,372,1
371,223.0,108.0,1,BUY,27.0,373,1
372,532.0,236.0,1,BUY,27.0,374,1
374,223.0,108.0,1,BUY,27.0,376,1
376,40.0,32.0,2,SELL,27.0,378,1
377,51.0,32.0,2,SELL,27.0,379,1
378,276.0,157.0,2,SELL,27.0,380,1
379,276.0,157.0,2,SELL,27.0,381,1
381,276.0,157.0,2,SELL,27.0,383,1
384,205.0,108.0,1,BUY,26.0,386,1
388,223.0,108.0,1,BUY,26.0,390,1
392,276.0,157.0,2,SELL,26.0,394,1
396,276.0,157.0,2,SELL,26.0,398,1
398,198.0,104.0,1,BUY,25.0,400,1
400,205.0,108.0,1,BUY,25.0,402,1
402,1665.0,236.0,1,BUY,25.0,404,1
404,40.0,32.0,1,BUY,25.0,406,1
405,225.0,108.0,2,SELL,25.0,407,1
407,276.0,157.0,2,SELL,25.0,409,1
409,1665.0,236.0,2,SELL,25.0,411,1
411,40.0,32.0,2,SELL,25.0,413,1
412,205.0,108.0,1,BUY,24.0,414,1
413,6.0,25.0,1,BUY,24.0,415,1
414,205.0,108.0,1,BUY,24.0,416,1
415,532.0,236.0,1,BUY,24.0,417,1
416,1665.0,236.0,1,BUY,24.0,418,1
417,40.0,32.0,1,BUY,24.0,419,1
418,1665.0,236.0,1,BUY,24.0,420,1
419,51.0,32.0,1,BUY,24.0,421,1
420,205.0,108.0,1,BUY,24.0,422,1
421,205.0,108.0,1,BUY,24.0,423,1
422,223.0,108.0,2,SELL,24.0,424,1
423,317.0,218.0,2,SELL,24.0,425,1
424,276.0,157.0,2,SELL,24.0,426,1
425,532.0,236.0,2,SELL,24.0,427,1
426,1665.0,236.0,2,SELL,24.0,428,1
427,40.0,32.0,2,SELL,24.0,429,1
428,1665.0,236.0,2,SELL,24.0,430,1
429,51.0,32.0,2,SELL,24.0,431,1
430,276.0,157.0,2,SELL,24.0,432,1
431,276.0,157.0,2,SELL,24.0,433,1
433,51.0,32.0,1,BUY,23.0,435,1
434,174.0,46.0,1,BUY,23.0,436,1
436,174.0,46.0,1,BUY,23.0,438,1
437,205.0,108.0,1,BUY,23.0,439,1
440,51.0,32.0,1,BUY,23.0,442,1
443,51.0,32.0,2,SELL,23.0,445,1
444,145.0,46.0,2,SELL,23.0,446,1
446,145.0,46.0,2,SELL,23.0,448,1
447,276.0,157.0,2,SELL,23.0,449,1
450,51.0,32.0,2,SELL,23.0,452,1
454,40.0,32.0,1,BUY,22.0,456,1
455,51.0,32.0,1,BUY,22.0,457,1
456,532.0,236.0,1,BUY,22.0,458,1
457,51.0,32.0,1,BUY,22.0,459,1
458,73.0,41.0,1,BUY,22.0,460,1
460,532.0,236.0,1,BUY,22.0,462,1
461,205.0,108.0,1,BUY,22.0,463,1
462,1665.0,236.0,1,BUY,22.0,464,1
464,532.0,236.0,1,BUY,22.0,466,1
465,1665.0,236.0,1,BUY,22.0,467,1
466,40.0,32.0,1,BUY,22.0,468,1
467,532.0,236.0,1,BUY,22.0,469,1
468,1665.0,236.0,1,BUY,22.0,470,1
469,51.0,32.0,1,BUY,22.0,471,1
470,226.0,108.0,1,BUY,22.0,472,1
474,40.0,32.0,2,SELL,22.0,476,1
475,51.0,32.0,2,SELL,22.0,477,1
476,532.0,236.0,2,SELL,22.0,478,1
477,51.0,32.0,2,SELL,22.0,479,1
478,73.0,41.0,2,SELL,22.0,480,1
480,532.0,236.0,2,SELL,22.0,482,1
481,276.0,157.0,2,SELL,22.0,483,1
482,1665.0,236.0,2,SELL,22.0,484,1
484,532.0,236.0,2,SELL,22.0,486,1
485,1665.0,236.0,2,SELL,22.0,487,1
486,40.0,32.0,2,SELL,22.0,488,1
487,532.0,236.0,2,SELL,22.0,489,1
488,1665.0,236.0,2,SELL,22.0,490,1
489,51.0,32.0,2,SELL,22.0,491,1
490,226.0,108.0,2,SELL,22.0,492,1
492,51.0,32.0,1,BUY,21.0,494,1
493,1665.0,236.0,1,BUY,21.0,495,1
498,40.0,32.0,1,BUY,21.0,500,1
499,532.0,236.0,1,BUY,21.0,501,1
500,532.0,236.0,1,BUY,21.0,502,1
501,532.0,236.0,1,BUY,21.0,503,1
502,205.0,108.0,1,BUY,21.0,504,1
503,51.0,32.0,2,SELL,21.0,505,1
504,1665.0,236.0,2,SELL,21.0,506,1
509,40.0,32.0,2,SELL,21.0,511,1
510,532.0,236.0,2,SELL,21.0,512,1
511,532.0,236.0,2,SELL,21.0,513,1
512,532.0,236.0,2,SELL,21.0,514,1
513,276.0,157.0,2,SELL,21.0,515,1
514,40.0,32.0,1,BUY,20.0,516,1
515,1665.0,236.0,1,BUY,20.0,517,1
516,73.0,41.0,1,BUY,20.0,518,1
517,1665.0,236.0,1,BUY,20.0,519,1
518,1665.0,236.0,1,BUY,20.0,520,1
519,51.0,32.0,1,BUY,20.0,521,1
520,40.0,32.0,1,BUY,20.0,522,1
521,1665.0,236.0,1,BUY,20.0,523,1
522,226.0,108.0,1,BUY,20.0,524,1
523,532.0,236.0,1,BUY,20.0,525,1
524,174.0,46.0,1,BUY,20.0,526,1
525,315.0,216.0,1,BUY,20.0,527,1
526,1665.0,236.0,2,SELL,20.0,528,1
527,73.0,41.0,2,SELL,20.0,529,1
528,1665.0,236.0,2,SELL,20.0,530,1
529,1665.0,236.0,2,SELL,20.0,531,1
530,51.0,32.0,2,SELL,20.0,532,1
531,40.0,32.0,2,SELL,20.0,533,1
532,1665.0,236.0,2,SELL,20.0,534,1
533,226.0,108.0,2,SELL,20.0,535,1
534,532.0,236.0,2,SELL,20.0,536,1
535,149.0,46.0,2,SELL,20.0,537,1
536,315.0,216.0,2,SELL,20.0,538,1
537,2478.0,236.0,1,BUY,19.0,539,1
538,40.0,32.0,1,BUY,19.0,540,1
540,205.0,108.0,1,BUY,19.0,542,1
541,205.0,108.0,1,BUY,19.0,543,1
542,1665.0,236.0,1,BUY,19.0,544,1
544,995.0,236.0,1,BUY,19.0,546,1
545,205.0,108.0,1,BUY,19.0,547,1
547,2478.0,236.0,2,SELL,19.0,549,1
548,40.0,32.0,2,SELL,19.0,550,1
550,276.0,157.0,2,SELL,19.0,552,1
551,276.0,157.0,2,SELL,19.0,553,1
552,1665.0,236.0,2,SELL,19.0,554,1
554,995.0,236.0,2,SELL,19.0,556,1
555,276.0,157.0,2,SELL,19.0,557,1
557,152.0,46.0,1,BUY,18.0,559,1
558,152.0,46.0,1,BUY,18.0,560,1
559,51.0,32.0,1,BUY,18.0,561,1
560,40.0,32.0,1,BUY,18.0,562,1
561,51.0,32.0,1,BUY,18.0,563,1
563,2478.0,236.0,1,BUY,18.0,565,1
564,51.0,32.0,1,BUY,18.0,566,1
565,40.0,32.0,1,BUY,18.0,567,1
566,701.0,236.0,1,BUY,18.0,568,1
567,205.0,108.0,1,BUY,18.0,569,1
569,149.0,46.0,2,SELL,18.0,571,1
570,149.0,46.0,2,SELL,18.0,572,1
571,51.0,32.0,2,SELL,18.0,573,1
572,40.0,32.0,2,SELL,18.0,574,1
573,51.0,32.0,2,SELL,18.0,575,1
575,2478.0,236.0,2,SELL,18.0,577,1
576,51.0,32.0,2,SELL,18.0,578,1
572,40.0,32.0,2,SELL,18.0,579,1
577,701.0,236.0,2,SELL,18.0,580,1
578,276.0,157.0,2,SELL,18.0,581,1
579,1665.0,236.0,1,BUY,17.0,582,1
581,219.0,108.0,1,BUY,17.0,584,1
582,1665.0,236.0,1,BUY,17.0,585,1
585,3083.0,236.0,1,BUY,17.0,588,1
586,190.0,87.0,1,BUY,17.0,589,1
587,190.0,87.0,1,BUY,17.0,590,1
589,1665.0,236.0,1,BUY,17.0,592,1
590,205.0,108.0,1,BUY,17.0,593,1
591,40.0,32.0,1,BUY,17.0,594,1
593,1665.0,236.0,2,SELL,17.0,596,1
595,215.0,108.0,2,SELL,17.0,598,1
596,1665.0,236.0,2,SELL,17.0,599,1
599,3083.0,236.0,2,SELL,17.0,602,1
600,190.0,87.0,2,SELL,17.0,603,1
602,1665.0,236.0,2,SELL,17.0,605,1
603,276.0,157.0,2,SELL,17.0,606,1
604,40.0,32.0,2,SELL,17.0,607,1
606,40.0,32.0,1,BUY,16.0,609,1
607,2478.0,236.0,1,BUY,16.0,610,1
609,138.0,42.0,1,BUY,16.0,612,1
610,138.0,42.0,1,BUY,16.0,613,1
611,9.0,25.0,1,BUY,16.0,614,1
612,40.0,32.0,1,BUY,16.0,615,1
613,1665.0,236.0,1,BUY,16.0,616,1
614,51.0,32.0,1,BUY,16.0,617,1
615,9.0,25.0,1,BUY,16.0,618,1
616,3083.0,236.0,1,BUY,16.0,619,1
617,1665.0,236.0,1,BUY,16.0,620,1
618,1665.0,236.0,1,BUY,16.0,621,1
619,40.0,32.0,2,SELL,16.0,622,1
620,2478.0,236.0,2,SELL,16.0,623,1
622,138.0,42.0,2,SELL,16.0,625,1
622,138.0,42.0,2,SELL,16.0,626,1
623,9.0,25.0,2,SELL,16.0,627,1
624,40.0,32.0,2,SELL,16.0,628,1
625,1665.0,236.0,2,SELL,16.0,629,1
626,532.0,236.0,2,SELL,16.0,630,1
627,51.0,32.0,2,SELL,16.0,631,1
628,9.0,25.0,2,SELL,16.0,632,1
629,3083.0,236.0,2,SELL,16.0,633,1
630,1665.0,236.0,2,SELL,16.0,634,1
631,1665.0,236.0,2,SELL,16.0,635,1
632,138.0,42.0,1,BUY,15.0,636,1
633,51.0,32.0,1,BUY,15.0,637,1
634,219.0,108.0,1,BUY,15.0,638,1
635,40.0,32.0,1,BUY,15.0,639,1
636,51.0,32.0,1,BUY,15.0,640,1
637,51.0,32.0,1,BUY,15.0,641,1
638,51.0,32.0,1,BUY,15.0,642,1
639,51.0,32.0,1,BUY,15.0,643,1
640,51.0,32.0,1,BUY,15.0,644,1
641,40.0,32.0,1,BUY,15.0,645,1
643,9.0,25.0,1,BUY,15.0,647,1
644,138.0,42.0,2,SELL,15.0,648,1
645,9.0,25.0,2,SELL,15.0,649,1
646,51.0,32.0,2,SELL,15.0,650,1
647,40.0,32.0,2,SELL,15.0,651,1
648,51.0,32.0,2,SELL,15.0,652,1
649,51.0,32.0,2,SELL,15.0,653,1
650,51.0,32.0,2,SELL,15.0,654,1
651,51.0,32.0,2,SELL,15.0,655,1
652,51.0,32.0,2,SELL,15.0,656,1
653,40.0,32.0,2,SELL,15.0,657,1
655,9.0,25.0,2,SELL,15.0,659,1
656,51.0,32.0,1,BUY,14.0,660,1
658,51.0,32.0,1,BUY,14.0,662,1
659,701.0,236.0,1,BUY,14.0,663,1
660,152.0,46.0,1,BUY,14.0,664,1
661,51.0,32.0,2,SELL,14.0,665,1
663,51.0,32.0,2,SELL,14.0,667,1
664,701.0,236.0,2,SELL,14.0,668,1
665,149.0,46.0,2,SELL,14.0,669,1
666,2814.0,236.0,1,BUY,13.0,670,1
667,40.0,32.0,1,BUY,13.0,671,1
669,2814.0,236.0,1,BUY,13.0,673,1
670,51.0,32.0,1,BUY,13.0,674,1
672,51.0,32.0,1,BUY,13.0,676,1
673,51.0,32.0,1,BUY,13.0,677,1
674,51.0,32.0,1,BUY,13.0,678,1
675,40.0,32.0,1,BUY,13.0,679,1
676,40.0,32.0,1,BUY,13.0,680,1
677,51.0,32.0,1,BUY,13.0,681,1
678,2814.0,236.0,2,SELL,13.0,682,1
679,40.0,32.0,2,SELL,13.0,683,1
681,2814.0,236.0,2,SELL,13.0,685,1
682,51.0,32.0,2,SELL,13.0,686,1
684,51.0,32.0,2,SELL,13.0,688,1
685,51.0,32.0,2,SELL,13.0,689,1
561,51.0,32.0,2,SELL,13.0,690,1
653,40.0,32.0,2,SELL,13.0,691,1
686,40.0,32.0,2,SELL,13.0,692,1
687,51.0,32.0,2,SELL,13.0,693,1
688,51.0,32.0,1,BUY,12.0,694,1
689,532.0,236.0,1,BUY,12.0,695,1
690,532.0,236.0,1,BUY,12.0,696,1
691,40.0,32.0,1,BUY,12.0,697,1
692,2478.0,236.0,1,BUY,12.0,698,1
693,51.0,32.0,2,SELL,12.0,699,1
694,532.0,236.0,2,SELL,12.0,700,1
695,532.0,236.0,2,SELL,12.0,701,1
696,40.0,32.0,2,SELL,12.0,702,1
697,2478.0,236.0,2,SELL,12.0,703,1
698,1449.0,236.0,1,BUY,11.0,704,1
699,205.0,108.0,1,BUY,11.0,705,1
700,2478.0,236.0,1,BUY,11.0,706,1
701,152.0,46.0,1,BUY,11.0,707,1
702,325.0,235.0,1,BUY,11.0,708,1
703,2478.0,236.0,1,BUY,11.0,709,1
704,161.0,46.0,1,BUY,11.0,710,1
705,1449.0,236.0,1,BUY,11.0,711,1
706,51.0,32.0,1,BUY,11.0,712,1
708,532.0,236.0,1,BUY,11.0,714,1
709,1449.0,236.0,2,SELL,11.0,715,1
710,276.0,157.0,2,SELL,11.0,716,1
711,2478.0,236.0,2,SELL,11.0,717,1
712,149.0,46.0,2,SELL,11.0,718,1
713,325.0,235.0,2,SELL,11.0,719,1
714,2478.0,236.0,2,SELL,11.0,720,1
715,161.0,46.0,2,SELL,11.0,721,1
716,1449.0,236.0,2,SELL,11.0,722,1
717,51.0,32.0,2,SELL,11.0,723,1
719,532.0,236.0,2,SELL,11.0,725,1
720,2478.0,236.0,1,BUY,10.0,726,1
721,152.0,46.0,1,BUY,10.0,727,1
722,503.0,236.0,1,BUY,10.0,728,1
723,995.0,236.0,1,BUY,10.0,729,1
724,325.0,235.0,1,BUY,10.0,730,1
725,2478.0,236.0,1,BUY,10.0,731,1
726,2478.0,236.0,1,BUY,10.0,732,1
727,2478.0,236.0,1,BUY,10.0,733,1
728,2478.0,236.0,1,BUY,10.0,734,1
729,152.0,46.0,1,BUY,10.0,735,1
730,152.0,46.0,1,BUY,10.0,736,1
731,532.0,236.0,1,BUY,10.0,737,1
732,2478.0,236.0,2,SELL,10.0,738,1
733,149.0,46.0,2,SELL,10.0,739,1
734,73.0,41.0,2,SELL,10.0,740,1
735,503.0,236.0,2,SELL,10.0,741,1
736,995.0,236.0,2,SELL,10.0,742,1
737,325.0,235.0,2,SELL,10.0,743,1
738,2478.0,236.0,2,SELL,10.0,744,1
739,2478.0,236.0,2,SELL,10.0,745,1
740,2478.0,236.0,2,SELL,10.0,746,1
741,2478.0,236.0,2,SELL,10.0,747,1
742,532.0,236.0,2,SELL,10.0,748,1
743,149.0,46.0,2,SELL,10.0,749,1
744,149.0,46.0,2,SELL,10.0,750,1
745,532.0,236.0,2,SELL,10.0,751,1
746,2478.0,236.0,1,BUY,9.0,752,1
747,321.0,218.0,1,BUY,9.0,753,1
748,3165.0,236.0,1,BUY,9.0,754,1
749,2478.0,236.0,1,BUY,9.0,755,1
750,2093.0,236.0,1,BUY,9.0,756,1
751,321.0,218.0,1,BUY,9.0,757,1
752,2935.0,236.0,1,BUY,9.0,758,1
753,3165.0,236.0,1,BUY,9.0,759,1
754,325.0,235.0,1,BUY,9.0,760,1
755,51.0,32.0,1,BUY,9.0,761,1
756,2478.0,236.0,1,BUY,9.0,762,1
757,503.0,236.0,1,BUY,9.0,763,1
758,3165.0,236.0,1,BUY,9.0,764,1
759,2478.0,236.0,2,SELL,9.0,765,1
760,321.0,218.0,2,SELL,9.0,766,1
761,3165.0,236.0,2,SELL,9.0,767,1
762,2478.0,236.0,2,SELL,9.0,768,1
763,2093.0,236.0,2,SELL,9.0,769,1
764,321.0,218.0,2,SELL,9.0,770,1
765,2935.0,236.0,2,SELL,9.0,771,1
766,3165.0,236.0,2,SELL,9.0,772,1
767,325.0,235.0,2,SELL,9.0,773,1
768,51.0,32.0,2,SELL,9.0,774,1
769,2478.0,236.0,2,SELL,9.0,775,1
770,503.0,236.0,2,SELL,9.0,776,1
771,3165.0,236.0,2,SELL,9.0,777,1
772,321.0,218.0,1,BUY,8.0,778,1
773,325.0,235.0,1,BUY,8.0,779,1
774,325.0,235.0,1,BUY,8.0,780,1
775,2093.0,236.0,1,BUY,8.0,781,1
776,325.0,235.0,1,BUY,8.0,782,1
777,325.0,235.0,1,BUY,8.0,783,1
778,325.0,235.0,1,BUY,8.0,784,1
779,1466.0,236.0,1,BUY,8.0,785,1
780,3083.0,236.0,1,BUY,8.0,786,1
781,2478.0,236.0,1,BUY,8.0,787,1
782,2478.0,236.0,1,BUY,8.0,788,1
783,321.0,218.0,1,BUY,8.0,789,1
784,478.0,236.0,1,BUY,8.0,790,1
785,321.0,218.0,1,BUY,8.0,791,1
786,532.0,236.0,1,BUY,8.0,792,1
787,325.0,235.0,1,BUY,8.0,793,1
788,3165.0,236.0,1,BUY,8.0,794,1
789,478.0,236.0,1,BUY,8.0,795,1
790,321.0,218.0,2,SELL,8.0,796,1
791,325.0,235.0,2,SELL,8.0,797,1
792,325.0,235.0,2,SELL,8.0,798,1
793,2093.0,236.0,2,SELL,8.0,799,1
794,325.0,235.0,2,SELL,8.0,800,1
795,325.0,235.0,2,SELL,8.0,801,1
796,325.0,235.0,2,SELL,8.0,802,1
797,1466.0,236.0,2,SELL,8.0,803,1
798,3083.0,236.0,2,SELL,8.0,804,1
799,2478.0,236.0,2,SELL,8.0,805,1
800,2478.0,236.0,2,SELL,8.0,806,1
801,321.0,218.0,2,SELL,8.0,807,1
802,478.0,236.0,2,SELL,8.0,808,1
803,321.0,218.0,2,SELL,8.0,809,1
804,532.0,236.0,2,SELL,8.0,810,1
805,325.0,235.0,2,SELL,8.0,811,1
806,3165.0,236.0,2,SELL,8.0,812,1
807,478.0,236.0,2,SELL,8.0,813,1
808,325.0,235.0,1,BUY,7.0,814,1
809,325.0,235.0,1,BUY,7.0,815,1
810,2478.0,236.0,1,BUY,7.0,816,1
811,532.0,236.0,1,BUY,7.0,817,1
812,325.0,235.0,1,BUY,7.0,818,1
813,478.0,236.0,1,BUY,7.0,819,1
814,321.0,218.0,1,BUY,7.0,820,1
815,325.0,235.0,1,BUY,7.0,821,1
816,321.0,218.0,1,BUY,7.0,822,1
817,1466.0,236.0,1,BUY,7.0,823,1
818,1466.0,236.0,1,BUY,7.0,824,1
819,478.0,236.0,1,BUY,7.0,825,1
820,321.0,218.0,1,BUY,7.0,826,1
821,503.0,236.0,1,BUY,7.0,827,1
822,330.0,235.0,1,BUY,7.0,828,1
823,2478.0,236.0,1,BUY,7.0,829,1
824,325.0,235.0,1,BUY,7.0,830,1
825,321.0,218.0,1,BUY,7.0,831,1
826,2478.0,236.0,1,BUY,7.0,832,1
827,478.0,236.0,1,BUY,7.0,833,1
828,1466.0,236.0,1,BUY,7.0,834,1
829,321.0,218.0,1,BUY,7.0,835,1
830,321.0,218.0,1,BUY,7.0,836,1
831,503.0,236.0,1,BUY,7.0,837,1
832,478.0,236.0,1,BUY,7.0,838,1
833,330.0,235.0,1,BUY,7.0,839,1
834,330.0,235.0,1,BUY,7.0,840,1
835,478.0,236.0,1,BUY,7.0,841,1
836,1466.0,236.0,1,BUY,7.0,842,1
837,3165.0,236.0,1,BUY,7.0,843,1
838,503.0,236.0,1,BUY,7.0,844,1
839,330.0,235.0,1,BUY,7.0,845,1
840,325.0,235.0,1,BUY,7.0,846,1
841,1466.0,236.0,1,BUY,7.0,847,1
842,325.0,235.0,1,BUY,7.0,848,1
843,325.0,235.0,1,BUY,7.0,849,1
844,3165.0,236.0,1,BUY,7.0,850,1
845,325.0,235.0,1,BUY,7.0,851,1
846,325.0,235.0,1,BUY,7.0,852,1
847,330.0,235.0,1,BUY,7.0,853,1
848,321.0,218.0,1,BUY,7.0,854,1
849,2478.0,236.0,1,BUY,7.0,855,1
850,325.0,235.0,1,BUY,233.0,856,1
851,321.0,218.0,1,BUY,222.0,857,1
852,325.0,235.0,1,BUY,222.0,858,1
853,1466.0,236.0,1,BUY,222.0,859,1
854,271.0,147.0,1,BUY,221.0,860,1
855,325.0,235.0,1,BUY,221.0,861,1
856,325.0,235.0,1,BUY,217.0,862,1
857,325.0,235.0,1,BUY,217.0,863,1
858,325.0,235.0,1,BUY,215.0,864,1
859,325.0,235.0,1,BUY,215.0,865,1
860,325.0,235.0,1,BUY,214.0,866,1
861,321.0,218.0,1,BUY,214.0,867,1
862,503.0,236.0,1,BUY,202.0,868,1
863,325.0,235.0,2,SELL,202.0,869,1
864,325.0,235.0,2,SELL,199.0,870,1
865,2478.0,236.0,2,SELL,199.0,871,1
866,532.0,236.0,2,SELL,198.0,872,1
867,325.0,235.0,2,SELL,198.0,873,1
868,478.0,236.0,2,SELL,198.0,874,1
869,321.0,218.0,2,SELL,198.0,875,1
870,325.0,235.0,2,SELL,195.0,876,1
871,321.0,218.0,2,SELL,195.0,877,1
872,1466.0,236.0,2,SELL,190.0,878,1
873,1466.0,236.0,2,SELL,185.0,879,1
874,478.0,236.0,2,SELL,185.0,880,1
875,321.0,218.0,2,SELL,185.0,881,1
876,503.0,236.0,2,SELL,177.0,882,1
877,333.0,235.0,2,SELL,177.0,883,1
878,1466.0,236.0,2,SELL,155.0,884,1
879,2478.0,236.0,2,SELL,155.0,885,1
880,325.0,235.0,2,SELL,147.0,886,1
881,321.0,218.0,2,SELL,147.0,887,1
882,2478.0,236.0,2,SELL,146.0,888,1
883,478.0,236.0,2,SELL,146.0,889,1
884,1466.0,236.0,2,SELL,144.0,890,1
885,321.0,218.0,2,SELL,144.0,891,1
886,321.0,218.0,2,SELL,136.0,892,1
887,503.0,236.0,2,SELL,136.0,893,1
888,478.0,236.0,2,SELL,135.0,894,1
889,333.0,235.0,2,SELL,135.0,895,1
890,333.0,235.0,2,SELL,135.0,896,1
891,478.0,236.0,2,SELL,135.0,897,1
892,1466.0,236.0,2,SELL,133.0,898,1
893,3165.0,236.0,2,SELL,133.0,899,1
894,503.0,236.0,2,SELL,132.0,900,1
895,337.0,235.0,2,SELL,132.0,901,1
896,325.0,235.0,2,SELL,129.0,902,1
897,325.0,235.0,2,SELL,129.0,903,1
898,1466.0,236.0,2,SELL,129.0,904,1
899,325.0,235.0,2,SELL,129.0,905,1
900,3165.0,236.0,2,SELL,128.0,906,1
901,325.0,235.0,2,SELL,128.0,907,1
902,325.0,235.0,2,SELL,125.0,908,1
903,321.0,218.0,2,SELL,123.0,909,1
904,2478.0,236.0,2,SELL,123.0,910,1
905,325.0,235.0,2,SELL,122.0,911,1
906,321.0,218.0,2,SELL,122.0,912,1
907,325.0,235.0,2,SELL,115.0,913,1
908,1466.0,236.0,2,SELL,115.0,914,1
909,271.0,147.0,2,SELL,107.0,915,1
910,97.0,41.0,2,SELL,107.0,916,1
911,325.0,235.0,2,SELL,103.0,917,1
912,325.0,235.0,2,SELL,101.0,918,1
913,325.0,235.0,2,SELL,101.0,919,1
914,325.0,235.0,2,SELL,101.0,920,1
915,325.0,235.0,2,SELL,101.0,921,1
916,325.0,235.0,2,SELL,96.0,922,1
917,321.0,218.0,2,SELL,96.0,923,1
918,503.0,236.0,2,SELL,93.0,924,1
919,344.0,235.0,1,BUY,93.0,925,1
920,3165.0,236.0,1,BUY,93.0,926,1
921,2672.0,236.0,1,BUY,92.0,927,1
922,341.0,235.0,1,BUY,92.0,928,1
923,341.0,235.0,1,BUY,92.0,929,1
924,161.0,46.0,1,BUY,91.0,930,1
925,478.0,236.0,1,BUY,91.0,931,1
926,161.0,46.0,1,BUY,91.0,932,1
927,161.0,46.0,1,BUY,91.0,933,1
928,161.0,46.0,1,BUY,91.0,934,1
929,341.0,235.0,1,BUY,91.0,935,1
930,3165.0,236.0,1,BUY,87.0,936,1
931,2672.0,236.0,1,BUY,87.0,937,1
932,2903.0,236.0,1,BUY,84.0,938,1
933,503.0,236.0,1,BUY,84.0,939,1
934,2672.0,236.0,1,BUY,84.0,940,1
935,503.0,236.0,1,BUY,84.0,941,1
936,1466.0,236.0,1,BUY,83.0,942,1
937,214.0,108.0,1,BUY,83.0,943,1
938,247.0,110.0,1,BUY,82.0,944,1
939,503.0,236.0,1,BUY,82.0,945,1
940,2672.0,236.0,1,BUY,82.0,946,1
941,330.0,235.0,1,BUY,81.0,947,1
942,330.0,235.0,1,BUY,81.0,948,1
943,1466.0,236.0,1,BUY,80.0,949,1
944,353.0,236.0,1,BUY,80.0,950,1
945,325.0,235.0,1,BUY,75.0,951,1
946,353.0,236.0,1,BUY,75.0,952,1
947,1466.0,236.0,1,BUY,74.0,953,1
948,1466.0,236.0,1,BUY,74.0,954,1
949,353.0,236.0,1,BUY,73.0,955,1
950,478.0,236.0,1,BUY,73.0,956,1
951,321.0,218.0,1,BUY,71.0,957,1
952,532.0,236.0,1,BUY,71.0,958,1
953,321.0,218.0,1,BUY,69.0,959,1
954,478.0,236.0,1,BUY,69.0,960,1
955,532.0,236.0,1,BUY,68.0,961,1
956,2707.0,236.0,1,BUY,68.0,962,1
957,330.0,235.0,1,BUY,67.0,963,1
958,1466.0,236.0,1,BUY,67.0,964,1
959,532.0,236.0,1,BUY,63.0,965,1
960,321.0,218.0,1,BUY,63.0,966,1
961,325.0,235.0,1,BUY,62.0,967,1
962,2672.0,236.0,1,BUY,62.0,968,1
963,1466.0,236.0,1,BUY,62.0,969,1
964,1466.0,236.0,1,BUY,62.0,970,1
965,337.0,235.0,2,SELL,61.0,971,1
966,3165.0,236.0,2,SELL,61.0,972,1
967,503.0,236.0,2,SELL,60.0,973,1
968,2672.0,236.0,2,SELL,60.0,974,1
969,333.0,235.0,2,SELL,60.0,975,1
970,333.0,235.0,2,SELL,60.0,976,1
971,161.0,46.0,2,SELL,60.0,977,1
972,478.0,236.0,2,SELL,60.0,978,1
973,161.0,46.0,2,SELL,58.0,979,1
974,161.0,46.0,2,SELL,58.0,980,1
975,161.0,46.0,2,SELL,58.0,981,1
976,333.0,235.0,2,SELL,58.0,982,1
977,3165.0,236.0,2,SELL,58.0,983,1
978,2672.0,236.0,2,SELL,58.0,984,1
979,2903.0,236.0,2,SELL,58.0,985,1
980,503.0,236.0,2,SELL,58.0,986,1
981,2672.0,236.0,2,SELL,58.0,987,1
982,503.0,236.0,2,SELL,58.0,988,1
983,1466.0,236.0,2,SELL,57.0,989,1
984,247.0,110.0,2,SELL,57.0,990,1
985,503.0,236.0,2,SELL,56.0,991,1
986,2672.0,236.0,2,SELL,56.0,992,1
987,333.0,235.0,2,SELL,56.0,993,1
988,333.0,235.0,2,SELL,56.0,994,1
989,1466.0,236.0,2,SELL,56.0,995,1
990,353.0,236.0,2,SELL,56.0,996,1
991,325.0,235.0,2,SELL,56.0,997,1
992,353.0,236.0,2,SELL,56.0,998,1
993,1466.0,236.0,2,SELL,56.0,999,1
994,1466.0,236.0,2,SELL,56.0,1000,1
995,353.0,236.0,2,SELL,56.0,1001,1
996,478.0,236.0,2,SELL,56.0,1002,1
997,321.0,218.0,2,SELL,55.0,1003,1
593,532.0,236.0,2,SELL,55.0,1004,1
998,321.0,218.0,2,SELL,55.0,1005,1
999,478.0,236.0,2,SELL,55.0,1006,1
1000,532.0,236.0,2,SELL,55.0,1007,1
1001,2707.0,236.0,2,SELL,55.0,1008,1
1002,333.0,235.0,2,SELL,55.0,1009,1
1003,1466.0,236.0,2,SELL,55.0,1010,1
1004,532.0,236.0,2,SELL,54.0,1011,1
1005,321.0,218.0,2,SELL,54.0,1012,1
1006,325.0,235.0,2,SELL,53.0,1013,1
1007,2672.0,236.0,2,SELL,53.0,1014,1
1008,1466.0,236.0,2,SELL,53.0,1015,1
1009,1466.0,236.0,2,SELL,53.0,1016,1
1010,325.0,235.0,1,BUY,52.0,1017,1
1011,353.0,236.0,1,BUY,52.0,1018,1
1012,321.0,218.0,1,BUY,52.0,1019,1
1013,2903.0,236.0,1,BUY,52.0,1020,1
1014,503.0,236.0,1,BUY,52.0,1021,1
1015,478.0,236.0,1,BUY,51.0,1022,1
1016,1732.0,236.0,1,BUY,51.0,1023,1
1017,478.0,236.0,1,BUY,50.0,1024,1
1018,478.0,236.0,1,BUY,50.0,1025,1
1019,214.0,108.0,1,BUY,50.0,1026,1
1020,478.0,236.0,1,BUY,50.0,1027,1
1021,325.0,235.0,1,BUY,50.0,1028,1
1022,1081.0,236.0,1,BUY,50.0,1029,1
1023,1732.0,236.0,1,BUY,50.0,1030,1
1024,353.0,236.0,1,BUY,50.0,1031,1
1025,283.0,172.0,1,BUY,49.0,1032,1
1026,161.0,46.0,1,BUY,49.0,1033,1
1027,1732.0,236.0,1,BUY,49.0,1034,1
1028,2903.0,236.0,1,BUY,49.0,1035,1
1029,1732.0,236.0,1,BUY,48.0,1036,1
1030,321.0,218.0,1,BUY,48.0,1037,1
1031,2903.0,236.0,1,BUY,48.0,1038,1
1032,1732.0,236.0,1,BUY,48.0,1039,1
1033,1732.0,236.0,1,BUY,48.0,1040,1
1034,325.0,235.0,1,BUY,48.0,1041,1
1035,321.0,218.0,1,BUY,47.0,1042,1
1036,2903.0,236.0,1,BUY,47.0,1043,1
1037,353.0,236.0,1,BUY,47.0,1044,1
1038,478.0,236.0,1,BUY,47.0,1045,1
1039,2903.0,236.0,1,BUY,46.0,1046,1
1040,1466.0,236.0,1,BUY,46.0,1047,1
1041,478.0,236.0,1,BUY,46.0,1048,1
1042,353.0,236.0,1,BUY,46.0,1049,1
1043,321.0,218.0,1,BUY,46.0,1050,1
1044,478.0,236.0,1,BUY,46.0,1051,1
1045,161.0,46.0,1,BUY,46.0,1052,1
1046,353.0,236.0,1,BUY,46.0,1053,1
1047,503.0,236.0,1,BUY,46.0,1054,1
1048,478.0,236.0,1,BUY,45.0,1055,1
1049,2903.0,236.0,1,BUY,45.0,1056,1
1050,1099.0,236.0,1,BUY,45.0,1057,1
1051,321.0,218.0,1,BUY,45.0,1058,1
1052,478.0,236.0,1,BUY,45.0,1059,1
1053,161.0,46.0,1,BUY,45.0,1060,1
1054,1466.0,236.0,1,BUY,45.0,1061,1
1055,161.0,46.0,1,BUY,45.0,1062,1
1056,353.0,236.0,1,BUY,45.0,1063,1
1057,478.0,236.0,1,BUY,45.0,1064,1
1058,478.0,236.0,1,BUY,45.0,1065,1
1059,478.0,236.0,1,BUY,45.0,1066,1
1060,2903.0,236.0,1,BUY,45.0,1067,1
1061,353.0,236.0,1,BUY,45.0,1068,1
1062,325.0,235.0,1,BUY,45.0,1069,1
1063,503.0,236.0,1,BUY,45.0,1070,1
1064,321.0,218.0,1,BUY,45.0,1071,1
1065,478.0,236.0,1,BUY,45.0,1072,1
1066,478.0,236.0,1,BUY,44.0,1073,1
1067,353.0,236.0,1,BUY,44.0,1074,1
1068,161.0,46.0,1,BUY,44.0,1075,1
1069,214.0,108.0,1,BUY,44.0,1076,1
1070,2903.0,236.0,1,BUY,44.0,1077,1
1071,353.0,236.0,1,BUY,44.0,1078,1
1072,503.0,236.0,1,BUY,43.0,1079,1
1073,1466.0,236.0,1,BUY,43.0,1080,1
1074,161.0,46.0,1,BUY,43.0,1081,1
1075,325.0,235.0,2,SELL,43.0,1082,1
1076,353.0,236.0,2,SELL,43.0,1083,1
1077,353.0,236.0,2,SELL,43.0,1084,1
1078,321.0,218.0,2,SELL,43.0,1085,1
1079,2903.0,236.0,2,SELL,42.0,1086,1
1080,503.0,236.0,2,SELL,42.0,1087,1
1081,478.0,236.0,2,SELL,42.0,1088,1
649,1732.0,236.0,2,SELL,42.0,1089,1
1082,478.0,236.0,2,SELL,42.0,1090,1
1083,478.0,236.0,2,SELL,42.0,1091,1
1084,209.0,108.0,2,SELL,41.0,1092,1
1085,478.0,236.0,2,SELL,41.0,1093,1
1086,325.0,235.0,2,SELL,41.0,1094,1
1087,1081.0,236.0,2,SELL,41.0,1095,1
1088,1732.0,236.0,2,SELL,41.0,1096,1
1089,353.0,236.0,2,SELL,41.0,1097,1
1090,283.0,172.0,2,SELL,41.0,1098,1
1091,161.0,46.0,2,SELL,41.0,1099,1
1092,2606.0,236.0,2,SELL,40.0,1100,1
1093,1732.0,236.0,2,SELL,40.0,1101,1
1094,2903.0,236.0,2,SELL,40.0,1102,1
1095,1732.0,236.0,2,SELL,40.0,1103,1
1096,321.0,218.0,2,SELL,39.0,1104,1
1097,2903.0,236.0,2,SELL,39.0,1105,1
1098,1732.0,236.0,2,SELL,39.0,1106,1
1099,1732.0,236.0,2,SELL,39.0,1107,1
1100,325.0,235.0,2,SELL,39.0,1108,1
1101,321.0,218.0,2,SELL,39.0,1109,1
1102,2903.0,236.0,2,SELL,39.0,1110,1
1103,353.0,236.0,2,SELL,39.0,1111,1
1104,478.0,236.0,2,SELL,39.0,1112,1
1105,1055.0,236.0,2,SELL,39.0,1113,1
1106,2903.0,236.0,2,SELL,39.0,1114,1
1107,1466.0,236.0,2,SELL,39.0,1115,1
1108,478.0,236.0,2,SELL,38.0,1116,1
1109,353.0,236.0,2,SELL,38.0,1117,1
1110,321.0,218.0,2,SELL,38.0,1118,1
1111,478.0,236.0,2,SELL,38.0,1119,1
1112,161.0,46.0,2,SELL,38.0,1120,1
1113,353.0,236.0,2,SELL,38.0,1121,1
1114,503.0,236.0,2,SELL,37.0,1122,1
1115,478.0,236.0,2,SELL,37.0,1123,1
1116,2903.0,236.0,2,SELL,37.0,1124,1
1117,1099.0,236.0,2,SELL,37.0,1125,1
1118,321.0,218.0,2,SELL,37.0,1126,1
1119,478.0,236.0,2,SELL,37.0,1127,1
1120,161.0,46.0,2,SELL,37.0,1128,1
1121,1466.0,236.0,2,SELL,37.0,1129,1
1122,161.0,46.0,2,SELL,37.0,1130,1
1123,353.0,236.0,2,SELL,37.0,1131,1
1124,478.0,236.0,2,SELL,36.0,1132,1
1125,478.0,236.0,2,SELL,36.0,1133,1
1126,478.0,236.0,2,SELL,36.0,1134,1
1127,2903.0,236.0,2,SELL,36.0,1135,1
1128,353.0,236.0,2,SELL,36.0,1136,1
1129,325.0,235.0,2,SELL,36.0,1137,1
1130,503.0,236.0,2,SELL,35.0,1138,1
1131,321.0,218.0,2,SELL,35.0,1139,1
1132,478.0,236.0,2,SELL,35.0,1140,1
1133,478.0,236.0,2,SELL,35.0,1141,1
1134,353.0,236.0,2,SELL,35.0,1142,1
1135,161.0,46.0,2,SELL,35.0,1143,1
1136,209.0,108.0,2,SELL,35.0,1144,1
1137,2903.0,236.0,2,SELL,35.0,1145,1
1138,353.0,236.0,2,SELL,35.0,1146,1
1139,503.0,236.0,2,SELL,35.0,1147,1
1140,1466.0,236.0,2,SELL,35.0,1148,1
1141,161.0,46.0,2,SELL,35.0,1149,1
1142,344.0,235.0,1,BUY,34.0,1150,1
1143,1732.0,236.0,1,BUY,34.0,1151,1
1144,325.0,235.0,1,BUY,34.0,1152,1
1145,503.0,236.0,1,BUY,34.0,1153,1
1146,214.0,108.0,1,BUY,34.0,1154,1
1147,325.0,235.0,1,BUY,34.0,1155,1
1148,214.0,108.0,1,BUY,34.0,1156,1
1149,341.0,235.0,1,BUY,34.0,1157,1
1150,161.0,46.0,1,BUY,34.0,1158,1
1151,478.0,236.0,1,BUY,34.0,1159,1
1152,503.0,236.0,1,BUY,33.0,1160,1
1153,341.0,235.0,1,BUY,33.0,1161,1
535,325.0,235.0,1,BUY,33.0,1162,1
1154,2903.0,236.0,1,BUY,33.0,1163,1
1155,2903.0,236.0,1,BUY,33.0,1164,1
1157,321.0,218.0,1,BUY,33.0,1166,1
1158,321.0,218.0,1,BUY,33.0,1167,1
1159,628.0,236.0,1,BUY,33.0,1168,1
1160,214.0,108.0,1,BUY,33.0,1169,1
1161,214.0,108.0,1,BUY,32.0,1170,1
1162,503.0,236.0,1,BUY,32.0,1171,1
1163,2903.0,236.0,1,BUY,32.0,1172,1
1164,325.0,235.0,1,BUY,32.0,1173,1
1165,503.0,236.0,1,BUY,31.0,1174,1
1166,478.0,236.0,1,BUY,31.0,1175,1
1167,325.0,235.0,1,BUY,30.0,1176,1
1168,478.0,236.0,1,BUY,30.0,1177,1
1169,478.0,236.0,1,BUY,30.0,1178,1
1170,325.0,235.0,1,BUY,30.0,1179,1
1171,2903.0,236.0,1,BUY,30.0,1180,1
1172,1732.0,236.0,1,BUY,30.0,1181,1
1173,1099.0,236.0,1,BUY,30.0,1182,1
1174,478.0,236.0,1,BUY,30.0,1183,1
1175,478.0,236.0,1,BUY,30.0,1184,1
1176,1466.0,236.0,1,BUY,30.0,1185,1
1177,478.0,236.0,1,BUY,30.0,1186,1
1178,161.0,46.0,1,BUY,29.0,1187,1
1179,503.0,236.0,1,BUY,29.0,1188,1
1180,478.0,236.0,1,BUY,29.0,1189,1
1181,478.0,236.0,1,BUY,29.0,1190,1
1182,1466.0,236.0,1,BUY,29.0,1191,1
1183,478.0,236.0,1,BUY,29.0,1192,1
1184,321.0,218.0,1,BUY,28.0,1193,1
1185,214.0,108.0,1,BUY,28.0,1194,1
1186,2903.0,236.0,1,BUY,28.0,1195,1
1187,325.0,235.0,1,BUY,28.0,1196,1
1188,337.0,235.0,2,SELL,28.0,1197,1
1189,1732.0,236.0,2,SELL,28.0,1198,1
1190,325.0,235.0,2,SELL,28.0,1199,1
1191,503.0,236.0,2,SELL,28.0,1200,1
1192,209.0,108.0,2,SELL,28.0,1201,1
1193,325.0,235.0,2,SELL,27.0,1202,1
1194,209.0,108.0,2,SELL,27.0,1203,1
1195,333.0,235.0,2,SELL,27.0,1204,1
1196,161.0,46.0,2,SELL,27.0,1205,1
1197,503.0,236.0,2,SELL,27.0,1206,1
1198,333.0,235.0,2,SELL,27.0,1207,1
1199,325.0,235.0,2,SELL,27.0,1208,1
1200,2903.0,236.0,2,SELL,27.0,1209,1
1201,2903.0,236.0,2,SELL,27.0,1210,1
1203,321.0,218.0,2,SELL,27.0,1212,1
1204,321.0,218.0,2,SELL,27.0,1213,1
1205,628.0,236.0,2,SELL,27.0,1214,1
1206,209.0,108.0,2,SELL,27.0,1215,1
1207,209.0,108.0,2,SELL,27.0,1216,1
1208,503.0,236.0,2,SELL,26.0,1217,1
1209,2903.0,236.0,2,SELL,26.0,1218,1
1210,325.0,235.0,2,SELL,26.0,1219,1
1211,503.0,236.0,2,SELL,26.0,1220,1
649,478.0,236.0,2,SELL,26.0,1221,1
1212,325.0,235.0,2,SELL,26.0,1222,1
1213,478.0,236.0,2,SELL,26.0,1223,1
1214,478.0,236.0,2,SELL,26.0,1224,1
1215,325.0,235.0,2,SELL,26.0,1225,1
1216,2903.0,236.0,2,SELL,26.0,1226,1
1217,1732.0,236.0,2,SELL,26.0,1227,1
1218,1099.0,236.0,2,SELL,26.0,1228,1
1219,478.0,236.0,2,SELL,26.0,1229,1
1220,478.0,236.0,2,SELL,26.0,1230,1
1221,1466.0,236.0,2,SELL,26.0,1231,1
1222,478.0,236.0,2,SELL,26.0,1232,1
1223,161.0,46.0,2,SELL,25.0,1233,1
1224,503.0,236.0,2,SELL,25.0,1234,1
1225,478.0,236.0,2,SELL,25.0,1235,1
1226,209.0,108.0,2,SELL,25.0,1236,1
1139,478.0,236.0,2,SELL,25.0,1237,1
1227,1466.0,236.0,2,SELL,25.0,1238,1
1228,478.0,236.0,2,SELL,25.0,1239,1
1229,321.0,218.0,2,SELL,25.0,1240,1
1230,209.0,108.0,2,SELL,25.0,1241,1
1231,2903.0,236.0,2,SELL,25.0,1242,1
1232,325.0,235.0,2,SELL,25.0,1243,1
1233,1466.0,236.0,1,BUY,25.0,1244,1
1234,310.0,216.0,1,BUY,25.0,1245,1
1235,2039.0,236.0,1,BUY,25.0,1246,1
1236,325.0,235.0,1,BUY,24.0,1247,1
1237,478.0,236.0,1,BUY,24.0,1248,1
1238,325.0,235.0,1,BUY,24.0,1249,1
1239,314.0,216.0,1,BUY,24.0,1250,1
1240,478.0,236.0,1,BUY,24.0,1251,1
1241,321.0,218.0,1,BUY,24.0,1252,1
1242,478.0,236.0,1,BUY,233.0,1253,1
1243,214.0,108.0,1,BUY,222.0,1254,1
1244,2039.0,236.0,1,BUY,222.0,1255,1
1245,314.0,216.0,1,BUY,222.0,1256,1
1247,2039.0,236.0,1,BUY,221.0,1258,1
1248,3165.0,236.0,1,BUY,217.0,1259,1
1249,314.0,216.0,1,BUY,217.0,1260,1
1250,503.0,236.0,1,BUY,215.0,1261,1
1251,314.0,216.0,1,BUY,215.0,1262,1
1252,214.0,108.0,1,BUY,214.0,1263,1
1253,214.0,108.0,1,BUY,214.0,1264,1
1254,314.0,216.0,1,BUY,202.0,1265,1
1255,314.0,216.0,1,BUY,202.0,1266,1
1256,314.0,216.0,1,BUY,199.0,1267,1
1257,314.0,216.0,1,BUY,199.0,1268,1
1258,325.0,235.0,1,BUY,198.0,1269,1
1259,305.0,216.0,1,BUY,198.0,1270,1
1260,80.0,41.0,1,BUY,198.0,1271,1
1261,478.0,236.0,1,BUY,198.0,1272,1
1262,478.0,236.0,1,BUY,195.0,1273,1
1263,478.0,236.0,1,BUY,195.0,1274,1
1264,321.0,218.0,1,BUY,190.0,1275,1
1265,478.0,236.0,1,BUY,185.0,1276,1
1266,118.0,41.0,1,BUY,185.0,1277,1
1267,321.0,218.0,1,BUY,185.0,1278,1
1268,325.0,235.0,1,BUY,177.0,1279,1
1269,1081.0,236.0,1,BUY,177.0,1280,1
1270,305.0,216.0,1,BUY,155.0,1281,1
1271,161.0,46.0,1,BUY,155.0,1282,1
1272,305.0,216.0,1,BUY,147.0,1283,1
1273,305.0,216.0,1,BUY,147.0,1284,1
1274,305.0,216.0,1,BUY,146.0,1285,1
1275,305.0,216.0,1,BUY,146.0,1286,1
1276,478.0,236.0,1,BUY,144.0,1287,1
1277,305.0,216.0,1,BUY,144.0,1288,1
1278,478.0,236.0,1,BUY,136.0,1289,1
1279,2093.0,236.0,1,BUY,136.0,1290,1
1280,984.0,236.0,1,BUY,135.0,1291,1
1281,325.0,235.0,1,BUY,135.0,1292,1
1282,478.0,236.0,1,BUY,135.0,1293,1
1283,321.0,218.0,1,BUY,135.0,1294,1
1284,1081.0,236.0,1,BUY,133.0,1295,1
1285,984.0,236.0,1,BUY,133.0,1296,1
1286,478.0,236.0,1,BUY,132.0,1297,1
1287,2039.0,236.0,1,BUY,132.0,1298,1
1288,1413.0,236.0,1,BUY,129.0,1299,1
1289,1466.0,236.0,1,BUY,129.0,1300,1
1290,341.0,235.0,1,BUY,129.0,1301,1
1291,263.0,131.0,1,BUY,129.0,1302,1
1292,435.0,236.0,1,BUY,128.0,1303,1
1293,341.0,235.0,1,BUY,128.0,1304,1
1294,478.0,236.0,1,BUY,125.0,1305,1
1295,161.0,46.0,1,BUY,123.0,1306,1
1296,325.0,235.0,1,BUY,123.0,1307,1
1297,118.0,41.0,1,BUY,122.0,1308,1
1298,325.0,235.0,1,BUY,122.0,1309,1
1299,341.0,235.0,1,BUY,115.0,1310,1
1301,325.0,235.0,1,BUY,107.0,1312,1
1302,161.0,46.0,1,BUY,107.0,1313,1
1303,341.0,235.0,1,BUY,103.0,1314,1
1305,2903.0,236.0,1,BUY,101.0,1316,1
1306,325.0,235.0,1,BUY,101.0,1317,1
1308,305.0,216.0,2,SELL,96.0,1319,1
1309,2039.0,236.0,2,SELL,96.0,1320,1
1310,325.0,235.0,2,SELL,93.0,1321,1
1311,478.0,236.0,2,SELL,93.0,1322,1
1312,325.0,235.0,2,SELL,93.0,1323,1
1313,312.0,216.0,2,SELL,92.0,1324,1
1314,478.0,236.0,2,SELL,92.0,1325,1
1315,321.0,218.0,2,SELL,92.0,1326,1
1316,478.0,236.0,2,SELL,91.0,1327,1
1317,209.0,108.0,2,SELL,91.0,1328,1
1318,2039.0,236.0,2,SELL,91.0,1329,1
1319,312.0,216.0,2,SELL,91.0,1330,1
1321,2039.0,236.0,2,SELL,91.0,1332,1
1322,3165.0,236.0,2,SELL,87.0,1333,1
1323,312.0,216.0,2,SELL,87.0,1334,1
1324,503.0,236.0,2,SELL,84.0,1335,1
1325,312.0,216.0,2,SELL,84.0,1336,1
1326,209.0,108.0,2,SELL,84.0,1337,1
1328,209.0,108.0,2,SELL,83.0,1339,1
1329,312.0,216.0,2,SELL,83.0,1340,1
1330,312.0,216.0,2,SELL,82.0,1341,1
1331,312.0,216.0,2,SELL,82.0,1342,1
1332,312.0,216.0,2,SELL,82.0,1343,1
1333,325.0,235.0,2,SELL,81.0,1344,1
379,312.0,216.0,2,SELL,81.0,1345,1
1334,80.0,41.0,2,SELL,80.0,1346,1
1335,478.0,236.0,2,SELL,80.0,1347,1
1336,478.0,236.0,2,SELL,75.0,1348,1
1337,478.0,236.0,2,SELL,75.0,1349,1
1338,321.0,218.0,2,SELL,74.0,1350,1
1339,478.0,236.0,2,SELL,74.0,1351,1
1340,118.0,41.0,2,SELL,73.0,1352,1
1341,321.0,218.0,2,SELL,73.0,1353,1
1342,325.0,235.0,2,SELL,71.0,1354,1
1343,1081.0,236.0,2,SELL,71.0,1355,1
1344,312.0,216.0,2,SELL,69.0,1356,1
1345,161.0,46.0,2,SELL,69.0,1357,1
1346,312.0,216.0,2,SELL,68.0,1358,1
1347,312.0,216.0,2,SELL,68.0,1359,1
1348,312.0,216.0,2,SELL,67.0,1360,1
1349,312.0,216.0,2,SELL,67.0,1361,1
1350,478.0,236.0,2,SELL,63.0,1362,1
1351,312.0,216.0,2,SELL,63.0,1363,1
1352,478.0,236.0,2,SELL,62.0,1364,1
1353,2093.0,236.0,2,SELL,62.0,1365,1
1354,984.0,236.0,2,SELL,62.0,1366,1
1355,325.0,235.0,2,SELL,62.0,1367,1
1356,478.0,236.0,2,SELL,61.0,1368,1
1357,321.0,218.0,2,SELL,61.0,1369,1
1358,1081.0,236.0,2,SELL,60.0,1370,1
1359,984.0,236.0,2,SELL,60.0,1371,1
1360,478.0,236.0,2,SELL,60.0,1372,1
1361,2039.0,236.0,2,SELL,60.0,1373,1
1362,1413.0,236.0,2,SELL,60.0,1374,1
1363,1466.0,236.0,2,SELL,60.0,1375,1
1364,333.0,235.0,2,SELL,58.0,1376,1
1365,263.0,131.0,2,SELL,58.0,1377,1
1366,435.0,236.0,2,SELL,58.0,1378,1
1367,333.0,235.0,2,SELL,58.0,1379,1
1368,478.0,236.0,2,SELL,58.0,1380,1
1369,161.0,46.0,2,SELL,58.0,1381,1
1370,325.0,235.0,2,SELL,58.0,1382,1
1371,325.0,235.0,2,SELL,58.0,1383,1
1372,333.0,235.0,2,SELL,58.0,1384,1
1374,325.0,235.0,2,SELL,57.0,1386,1
1375,161.0,46.0,2,SELL,57.0,1387,1
1376,333.0,235.0,2,SELL,56.0,1388,1
1378,2903.0,236.0,2,SELL,56.0,1390,1
1379,325.0,235.0,2,SELL,56.0,1391,1
1381,310.0,216.0,1,BUY,56.0,1393,1
1382,628.0,236.0,1,BUY,56.0,1394,1
1383,2039.0,236.0,1,BUY,56.0,1395,1
1384,80.0,41.0,1,BUY,56.0,1396,1
1385,263.0,131.0,1,BUY,56.0,1397,1
1386,344.0,235.0,1,BUY,56.0,1398,1
1387,150.0,46.0,1,BUY,56.0,1399,1
1388,263.0,131.0,1,BUY,55.0,1400,1
1389,2903.0,236.0,1,BUY,55.0,1401,1
1390,150.0,46.0,1,BUY,55.0,1402,1
1391,150.0,46.0,1,BUY,55.0,1403,1
1392,341.0,235.0,1,BUY,55.0,1404,1
1393,150.0,46.0,1,BUY,55.0,1405,1
1394,150.0,46.0,1,BUY,55.0,1406,1
1395,150.0,46.0,1,BUY,55.0,1407,1
1396,150.0,46.0,1,BUY,54.0,1408,1
1397,341.0,235.0,1,BUY,54.0,1409,1
1398,1916.0,236.0,1,BUY,53.0,1410,1
1399,150.0,46.0,1,BUY,53.0,1411,1
1400,353.0,236.0,1,BUY,53.0,1412,1
1401,150.0,46.0,1,BUY,53.0,1413,1
1402,150.0,46.0,1,BUY,52.0,1414,1
1403,80.0,41.0,1,BUY,52.0,1415,1
1404,185.0,84.0,1,BUY,52.0,1416,1
1405,1916.0,236.0,1,BUY,52.0,1417,1
1406,263.0,131.0,1,BUY,52.0,1418,1
1407,1916.0,236.0,1,BUY,51.0,1419,1
1408,80.0,41.0,1,BUY,51.0,1420,1
1409,1916.0,236.0,1,BUY,50.0,1421,1
1410,1081.0,236.0,1,BUY,50.0,1422,1
1411,1916.0,236.0,1,BUY,50.0,1423,1
1412,2039.0,236.0,1,BUY,50.0,1424,1
1413,310.0,216.0,1,BUY,50.0,1425,1
1414,1964.0,236.0,1,BUY,50.0,1426,1
1415,341.0,235.0,1,BUY,50.0,1427,1
1416,310.0,216.0,1,BUY,50.0,1428,1
1417,341.0,235.0,1,BUY,49.0,1429,1
1418,341.0,235.0,1,BUY,49.0,1430,1
1419,310.0,216.0,1,BUY,49.0,1431,1
1420,161.0,46.0,1,BUY,49.0,1432,1
1421,353.0,236.0,1,BUY,48.0,1433,1
1422,310.0,216.0,1,BUY,48.0,1434,1
1423,310.0,216.0,1,BUY,48.0,1435,1
1424,2039.0,236.0,1,BUY,48.0,1436,1
1425,2503.0,236.0,1,BUY,48.0,1437,1
1426,80.0,41.0,1,BUY,48.0,1438,1
1427,310.0,216.0,1,BUY,47.0,1439,1
1428,2503.0,236.0,1,BUY,47.0,1440,1
1429,2039.0,236.0,1,BUY,47.0,1441,1
1430,310.0,216.0,1,BUY,47.0,1442,1
1431,263.0,131.0,1,BUY,46.0,1443,1
1432,2998.0,236.0,1,BUY,46.0,1444,1
1433,2039.0,236.0,1,BUY,46.0,1445,1
1434,2503.0,236.0,1,BUY,46.0,1446,1
1435,2039.0,236.0,1,BUY,46.0,1447,1
1436,80.0,41.0,1,BUY,46.0,1448,1
1437,1732.0,236.0,1,BUY,46.0,1449,1
1438,80.0,41.0,1,BUY,46.0,1450,1
1439,321.0,218.0,1,BUY,46.0,1451,1
1440,314.0,216.0,1,BUY,45.0,1452,1
1441,2039.0,236.0,1,BUY,45.0,1453,1
1442,1732.0,236.0,1,BUY,45.0,1454,1
1443,80.0,41.0,1,BUY,45.0,1455,1
1444,321.0,218.0,1,BUY,45.0,1456,1
1445,314.0,216.0,1,BUY,45.0,1457,1
1447,314.0,216.0,1,BUY,45.0,1459,1
1448,2039.0,236.0,1,BUY,45.0,1460,1
1449,263.0,131.0,1,BUY,45.0,1461,1
1450,321.0,218.0,1,BUY,45.0,1462,1
1451,150.0,46.0,1,BUY,45.0,1463,1
1452,2039.0,236.0,1,BUY,45.0,1464,1
1453,503.0,236.0,1,BUY,45.0,1465,1
1454,150.0,46.0,1,BUY,45.0,1466,1
1455,314.0,216.0,1,BUY,45.0,1467,1
1457,321.0,218.0,1,BUY,45.0,1469,1
1458,984.0,236.0,1,BUY,44.0,1470,1
1459,263.0,131.0,1,BUY,44.0,1471,1
1460,321.0,218.0,1,BUY,44.0,1472,1
1461,2998.0,236.0,1,BUY,44.0,1473,1
1462,150.0,46.0,1,BUY,44.0,1474,1
1463,150.0,46.0,1,BUY,44.0,1475,1
1464,503.0,236.0,1,BUY,43.0,1476,1
1465,1964.0,236.0,1,BUY,43.0,1477,1
1466,150.0,46.0,1,BUY,43.0,1478,1
1467,150.0,46.0,1,BUY,43.0,1479,1
1468,150.0,46.0,1,BUY,43.0,1480,1
1469,172.0,46.0,1,BUY,43.0,1481,1
1470,353.0,236.0,1,BUY,43.0,1482,1
1471,118.0,41.0,1,BUY,42.0,1483,1
1472,2998.0,236.0,1,BUY,42.0,1484,1
1473,172.0,46.0,1,BUY,42.0,1485,1
1474,2998.0,236.0,1,BUY,42.0,1486,1
1475,503.0,236.0,1,BUY,42.0,1487,1
1476,1466.0,236.0,1,BUY,42.0,1488,1
1478,172.0,46.0,1,BUY,41.0,1490,1
1479,1466.0,236.0,1,BUY,41.0,1491,1
1480,321.0,218.0,1,BUY,41.0,1492,1
1481,478.0,236.0,1,BUY,41.0,1493,1
1482,321.0,218.0,1,BUY,41.0,1494,1
1483,435.0,236.0,1,BUY,41.0,1495,1
1484,321.0,218.0,1,BUY,41.0,1496,1
1485,478.0,236.0,1,BUY,40.0,1497,1
1486,305.0,216.0,2,SELL,40.0,1498,1
1487,628.0,236.0,2,SELL,40.0,1499,1
1488,2039.0,236.0,2,SELL,40.0,1500,1
1489,80.0,41.0,2,SELL,39.0,1501,1
1490,263.0,131.0,2,SELL,39.0,1502,1
1491,337.0,235.0,2,SELL,39.0,1503,1
1492,172.0,46.0,2,SELL,39.0,1504,1
1493,247.0,110.0,2,SELL,39.0,1505,1
1494,263.0,131.0,2,SELL,39.0,1506,1
1495,2039.0,236.0,2,SELL,39.0,1507,1
1496,2903.0,236.0,2,SELL,39.0,1508,1
1497,172.0,46.0,2,SELL,39.0,1509,1
1498,172.0,46.0,2,SELL,39.0,1510,1
1499,337.0,235.0,2,SELL,39.0,1511,1
1500,1964.0,236.0,2,SELL,39.0,1512,1
1501,172.0,46.0,2,SELL,38.0,1513,1
1502,172.0,46.0,2,SELL,38.0,1514,1
1503,172.0,46.0,2,SELL,38.0,1515,1
1504,337.0,235.0,2,SELL,38.0,1516,1
1505,1916.0,236.0,2,SELL,38.0,1517,1
1506,172.0,46.0,2,SELL,38.0,1518,1
1507,172.0,46.0,2,SELL,37.0,1519,1
1508,172.0,46.0,2,SELL,37.0,1520,1
1509,80.0,41.0,2,SELL,37.0,1521,1
1510,186.0,84.0,2,SELL,37.0,1522,1
597,1916.0,236.0,2,SELL,37.0,1523,1
1511,263.0,131.0,2,SELL,37.0,1524,1
1512,1916.0,236.0,2,SELL,37.0,1525,1
1513,1916.0,236.0,2,SELL,37.0,1526,1
1514,1081.0,236.0,2,SELL,37.0,1527,1
1515,1916.0,236.0,2,SELL,37.0,1528,1
1516,2039.0,236.0,2,SELL,36.0,1529,1
1517,313.0,216.0,2,SELL,36.0,1530,1
1518,1964.0,236.0,2,SELL,36.0,1531,1
976,337.0,235.0,2,SELL,36.0,1532,1
1519,313.0,216.0,2,SELL,36.0,1533,1
1520,333.0,235.0,2,SELL,36.0,1534,1
1521,333.0,235.0,2,SELL,35.0,1535,1
1522,313.0,216.0,2,SELL,35.0,1536,1
971,161.0,46.0,2,SELL,35.0,1537,1
1523,353.0,236.0,2,SELL,35.0,1538,1
1524,313.0,216.0,2,SELL,35.0,1539,1
1525,313.0,216.0,2,SELL,35.0,1540,1
1526,2039.0,236.0,2,SELL,35.0,1541,1
1527,2503.0,236.0,2,SELL,35.0,1542,1
1105,1055.0,236.0,2,SELL,35.0,1543,1
1528,2093.0,236.0,2,SELL,35.0,1544,1
1529,80.0,41.0,2,SELL,35.0,1545,1
1530,313.0,216.0,2,SELL,35.0,1546,1
1531,2503.0,236.0,2,SELL,34.0,1547,1
1532,2039.0,236.0,2,SELL,34.0,1548,1
1533,313.0,216.0,2,SELL,34.0,1549,1
1534,263.0,131.0,2,SELL,34.0,1550,1
1535,2039.0,236.0,2,SELL,34.0,1551,1
1536,2503.0,236.0,2,SELL,34.0,1552,1
1537,2039.0,236.0,2,SELL,34.0,1553,1
1538,80.0,41.0,2,SELL,34.0,1554,1
1539,1732.0,236.0,2,SELL,34.0,1555,1
1540,80.0,41.0,2,SELL,34.0,1556,1
1541,321.0,218.0,2,SELL,33.0,1557,1
1542,313.0,216.0,2,SELL,33.0,1558,1
1543,2039.0,236.0,2,SELL,33.0,1559,1
1544,1732.0,236.0,2,SELL,33.0,1560,1
1545,80.0,41.0,2,SELL,33.0,1561,1
1546,321.0,218.0,2,SELL,33.0,1562,1
1547,313.0,216.0,2,SELL,33.0,1563,1
1549,313.0,216.0,2,SELL,33.0,1565,1
1550,2039.0,236.0,2,SELL,33.0,1566,1
1551,263.0,131.0,2,SELL,32.0,1567,1
1552,172.0,46.0,2,SELL,32.0,1568,1
1553,80.0,41.0,2,SELL,32.0,1569,1
1554,2039.0,236.0,2,SELL,32.0,1570,1
1555,503.0,236.0,2,SELL,31.0,1571,1
1556,172.0,46.0,2,SELL,31.0,1572,1
1557,313.0,216.0,2,SELL,30.0,1573,1
1559,321.0,218.0,2,SELL,30.0,1575,1
1560,984.0,236.0,2,SELL,30.0,1576,1
1561,263.0,131.0,2,SELL,30.0,1577,1
1562,321.0,218.0,2,SELL,30.0,1578,1
1563,2998.0,236.0,2,SELL,30.0,1579,1
1564,172.0,46.0,2,SELL,30.0,1580,1
1565,172.0,46.0,2,SELL,30.0,1581,1
1566,503.0,236.0,2,SELL,30.0,1582,1
1567,1964.0,236.0,2,SELL,30.0,1583,1
1568,172.0,46.0,2,SELL,29.0,1584,1
1569,172.0,46.0,2,SELL,29.0,1585,1
1570,172.0,46.0,2,SELL,29.0,1586,1
1571,172.0,46.0,2,SELL,29.0,1587,1
1572,353.0,236.0,2,SELL,29.0,1588,1
1573,118.0,41.0,2,SELL,29.0,1589,1
1574,2998.0,236.0,2,SELL,28.0,1590,1
1575,172.0,46.0,2,SELL,28.0,1591,1
1576,2998.0,236.0,2,SELL,28.0,1592,1
1577,503.0,236.0,2,SELL,28.0,1593,1
1578,118.0,41.0,2,SELL,28.0,1594,1
1579,118.0,41.0,2,SELL,28.0,1595,1
1580,1466.0,236.0,2,SELL,28.0,1596,1
1582,172.0,46.0,2,SELL,28.0,1598,1
1583,1466.0,236.0,2,SELL,27.0,1599,1
1584,321.0,218.0,2,SELL,27.0,1600,1
1585,478.0,236.0,2,SELL,27.0,1601,1
1586,321.0,218.0,2,SELL,27.0,1602,1
1587,435.0,236.0,2,SELL,27.0,1603,1
1588,321.0,218.0,2,SELL,27.0,1604,1
1589,478.0,236.0,2,SELL,27.0,1605,1
1590,272.0,157.0,1,BUY,27.0,1606,1
1591,344.0,235.0,1,BUY,27.0,1607,1
1592,1964.0,236.0,1,BUY,27.0,1608,1
1593,152.0,46.0,1,BUY,27.0,1609,1
1594,272.0,157.0,1,BUY,27.0,1610,1
1595,113.0,41.0,1,BUY,27.0,1611,1
1596,344.0,235.0,1,BUY,27.0,1612,1
1597,2039.0,236.0,1,BUY,27.0,1613,1
1598,152.0,46.0,1,BUY,26.0,1614,1
1599,185.0,84.0,1,BUY,26.0,1615,1
1600,712.0,236.0,1,BUY,26.0,1616,1
1601,712.0,236.0,1,BUY,26.0,1617,1
1602,503.0,236.0,1,BUY,26.0,1618,1
1603,152.0,46.0,1,BUY,26.0,1619,1
1604,310.0,216.0,1,BUY,26.0,1620,1
1605,40.0,32.0,1,BUY,26.0,1621,1
1606,344.0,235.0,1,BUY,26.0,1622,1
1607,263.0,131.0,1,BUY,26.0,1623,1
1608,2282.0,236.0,1,BUY,26.0,1624,1
1609,185.0,84.0,1,BUY,26.0,1625,1
1610,263.0,131.0,1,BUY,26.0,1626,1
1611,185.0,84.0,1,BUY,26.0,1627,1
1612,2039.0,236.0,1,BUY,26.0,1628,1
1613,344.0,235.0,1,BUY,26.0,1629,1
1614,152.0,46.0,1,BUY,25.0,1630,1
1615,1916.0,236.0,1,BUY,25.0,1631,1
1616,152.0,46.0,1,BUY,25.0,1632,1
1617,113.0,41.0,1,BUY,25.0,1633,1
1618,113.0,41.0,1,BUY,25.0,1634,1
1619,263.0,131.0,1,BUY,25.0,1635,1
1620,113.0,41.0,1,BUY,25.0,1636,1
1621,344.0,235.0,1,BUY,25.0,1637,1
1622,113.0,41.0,1,BUY,25.0,1638,1
1623,113.0,41.0,1,BUY,25.0,1639,1
1624,1964.0,236.0,1,BUY,25.0,1640,1
1625,152.0,46.0,1,BUY,25.0,1641,1
1626,113.0,41.0,1,BUY,25.0,1642,1
1627,152.0,46.0,1,BUY,25.0,1643,1
1628,272.0,157.0,1,BUY,24.0,1644,1
1629,1916.0,236.0,1,BUY,24.0,1645,1
1630,344.0,235.0,1,BUY,24.0,1646,1
1631,344.0,235.0,1,BUY,24.0,1647,1
1632,113.0,41.0,1,BUY,24.0,1648,1
1633,2039.0,236.0,1,BUY,24.0,1649,1
1634,344.0,235.0,1,BUY,24.0,1650,1
1635,344.0,235.0,1,BUY,24.0,1651,1
1636,1466.0,236.0,1,BUY,24.0,1652,1
1637,152.0,46.0,1,BUY,24.0,1653,1
1638,344.0,235.0,1,BUY,24.0,1654,1
1639,344.0,235.0,1,BUY,24.0,1655,1
1640,80.0,41.0,1,BUY,24.0,1656,1
1641,152.0,46.0,1,BUY,24.0,1657,1
1642,152.0,46.0,1,BUY,24.0,1658,1
1643,344.0,235.0,1,BUY,24.0,1659,1
1644,344.0,235.0,1,BUY,24.0,1660,1
1645,1858.0,236.0,1,BUY,24.0,1661,1
1646,344.0,235.0,1,BUY,24.0,1662,1
1647,105.0,41.0,1,BUY,24.0,1663,1
1648,344.0,235.0,1,BUY,23.0,1664,1
1649,344.0,235.0,1,BUY,23.0,1665,1
1650,272.0,157.0,1,BUY,23.0,1666,1
1651,339.0,235.0,1,BUY,23.0,1667,1
1652,152.0,46.0,1,BUY,23.0,1668,1
1653,152.0,46.0,1,BUY,23.0,1669,1
1654,339.0,235.0,1,BUY,23.0,1670,1
1655,339.0,235.0,1,BUY,23.0,1671,1
1656,2039.0,236.0,1,BUY,23.0,1672,1
1657,712.0,236.0,1,BUY,23.0,1673,1
1658,712.0,236.0,1,BUY,23.0,1674,1
1659,339.0,235.0,1,BUY,23.0,1675,1
1660,152.0,46.0,1,BUY,23.0,1676,1
1661,2039.0,236.0,1,BUY,23.0,1677,1
1662,152.0,46.0,1,BUY,23.0,1678,1
1663,712.0,236.0,1,BUY,23.0,1679,1
1664,152.0,46.0,1,BUY,23.0,1680,1
1665,712.0,236.0,1,BUY,23.0,1681,1
1666,2039.0,236.0,1,BUY,23.0,1682,1
1667,339.0,235.0,1,BUY,23.0,1683,1
1668,712.0,236.0,1,BUY,22.0,1684,1
1669,2039.0,236.0,1,BUY,22.0,1685,1
1670,712.0,236.0,1,BUY,233.0,1686,1
1671,185.0,84.0,1,BUY,222.0,1687,1
1672,712.0,236.0,1,BUY,222.0,1688,1
1673,152.0,46.0,1,BUY,222.0,1689,1
1674,152.0,46.0,1,BUY,221.0,1690,1
1675,185.0,84.0,1,BUY,221.0,1691,1
1676,339.0,235.0,1,BUY,217.0,1692,1
1677,1858.0,236.0,1,BUY,217.0,1693,1
1678,1858.0,236.0,1,BUY,215.0,1694,1
1679,152.0,46.0,1,BUY,215.0,1695,1
1680,263.0,131.0,1,BUY,214.0,1696,1
1681,2039.0,236.0,1,BUY,214.0,1697,1
1682,1858.0,236.0,1,BUY,202.0,1698,1
1683,272.0,157.0,1,BUY,202.0,1699,1
1684,1858.0,236.0,1,BUY,199.0,1700,1
1685,339.0,235.0,1,BUY,199.0,1701,1
1686,113.0,41.0,1,BUY,198.0,1702,1
1687,152.0,46.0,1,BUY,198.0,1703,1
1688,339.0,235.0,1,BUY,198.0,1704,1
1689,118.0,41.0,1,BUY,198.0,1705,1
1690,113.0,41.0,1,BUY,195.0,1706,1
1691,152.0,46.0,1,BUY,195.0,1707,1
1692,272.0,157.0,1,BUY,190.0,1708,1
1693,339.0,235.0,1,BUY,185.0,1709,1
1694,1964.0,236.0,1,BUY,185.0,1710,1
1695,272.0,157.0,1,BUY,185.0,1711,1
1696,310.0,216.0,1,BUY,177.0,1712,1
1697,1916.0,236.0,1,BUY,177.0,1713,1
1698,150.0,46.0,1,BUY,155.0,1714,1
1699,339.0,235.0,1,BUY,155.0,1715,1
1700,150.0,46.0,1,BUY,147.0,1716,1
1701,321.0,218.0,1,BUY,147.0,1717,1
1702,310.0,216.0,1,BUY,146.0,1718,1
1703,272.0,157.0,1,BUY,146.0,1719,1
1704,185.0,84.0,1,BUY,144.0,1720,1
1705,150.0,46.0,1,BUY,144.0,1721,1
1706,150.0,46.0,1,BUY,136.0,1722,1
1707,2282.0,236.0,1,BUY,136.0,1723,1
1708,272.0,157.0,1,BUY,135.0,1724,1
1709,325.0,235.0,1,BUY,135.0,1725,1
1710,263.0,131.0,1,BUY,135.0,1726,1
1711,152.0,46.0,1,BUY,135.0,1727,1
1712,152.0,46.0,1,BUY,133.0,1728,1
1713,1916.0,236.0,1,BUY,133.0,1729,1
1714,310.0,216.0,1,BUY,132.0,1730,1
1715,263.0,131.0,1,BUY,132.0,1731,1
1716,339.0,235.0,1,BUY,129.0,1732,1
1717,837.0,236.0,1,BUY,129.0,1733,1
1718,837.0,236.0,1,BUY,129.0,1734,1
1719,263.0,131.0,1,BUY,129.0,1735,1
1720,185.0,84.0,1,BUY,128.0,1736,1
1721,263.0,131.0,1,BUY,128.0,1737,1
1722,712.0,236.0,1,BUY,125.0,1738,1
1723,339.0,235.0,1,BUY,123.0,1739,1
1724,339.0,235.0,1,BUY,123.0,1740,1
1725,1964.0,236.0,1,BUY,122.0,1741,1
1726,263.0,131.0,1,BUY,122.0,1742,1
1727,2282.0,236.0,1,BUY,115.0,1743,1
1728,431.0,236.0,1,BUY,115.0,1744,1
1729,185.0,84.0,1,BUY,107.0,1745,1
1730,1964.0,236.0,1,BUY,107.0,1746,1
1731,310.0,216.0,1,BUY,103.0,1747,1
1732,339.0,235.0,1,BUY,101.0,1748,1
1733,1964.0,236.0,1,BUY,101.0,1749,1
1734,105.0,41.0,1,BUY,101.0,1750,1
1735,339.0,235.0,1,BUY,101.0,1751,1
1736,837.0,236.0,1,BUY,96.0,1752,1
1737,837.0,236.0,1,BUY,96.0,1753,1
1738,310.0,216.0,1,BUY,93.0,1754,1
1739,1964.0,236.0,1,BUY,93.0,1755,1
1740,478.0,236.0,1,BUY,93.0,1756,1
1741,1916.0,236.0,1,BUY,92.0,1757,1
1742,185.0,84.0,1,BUY,92.0,1758,1
1743,339.0,235.0,1,BUY,92.0,1759,1
1744,339.0,235.0,1,BUY,91.0,1760,1
1745,339.0,235.0,1,BUY,91.0,1761,1
1746,2998.0,236.0,1,BUY,91.0,1762,1
1747,185.0,84.0,1,BUY,91.0,1763,1
1748,185.0,84.0,1,BUY,91.0,1764,1
1749,2998.0,236.0,1,BUY,91.0,1765,1
1750,339.0,235.0,1,BUY,87.0,1766,1
1751,152.0,46.0,1,BUY,87.0,1767,1
1752,2998.0,236.0,1,BUY,84.0,1768,1
1753,2998.0,236.0,1,BUY,84.0,1769,1
1754,2998.0,236.0,1,BUY,84.0,1770,1
1755,307.0,216.0,1,BUY,84.0,1771,1
1756,339.0,235.0,1,BUY,83.0,1772,1
1757,2998.0,236.0,1,BUY,83.0,1773,1
1758,341.0,235.0,1,BUY,82.0,1774,1
1759,310.0,216.0,1,BUY,82.0,1775,1
1760,152.0,46.0,1,BUY,82.0,1776,1
1761,1916.0,236.0,1,BUY,81.0,1777,1
1762,150.0,46.0,1,BUY,81.0,1778,1
1763,2998.0,236.0,1,BUY,80.0,1779,1
1764,341.0,235.0,1,BUY,80.0,1780,1
1765,150.0,46.0,1,BUY,75.0,1781,1
1766,150.0,46.0,1,BUY,75.0,1782,1
1767,1466.0,236.0,2,SELL,45.0,1783,1
1768,40.0,32.0,2,SELL,45.0,1784,1
887,272.0,157.0,2,SELL,45.0,1786,1
1770,336.0,235.0,2,SELL,45.0,1787,1
1771,214.0,108.0,2,SELL,45.0,1788,1
1772,1964.0,236.0,2,SELL,44.0,1789,1
1773,149.0,46.0,2,SELL,44.0,1790,1
1774,272.0,157.0,2,SELL,44.0,1791,1
1775,94.0,41.0,2,SELL,44.0,1792,1
1776,336.0,235.0,2,SELL,44.0,1793,1
1777,2039.0,236.0,2,SELL,44.0,1794,1
1778,149.0,46.0,2,SELL,43.0,1795,1
1779,188.0,84.0,2,SELL,43.0,1796,1
1780,712.0,236.0,2,SELL,43.0,1797,1
1781,712.0,236.0,2,SELL,43.0,1798,1
1782,503.0,236.0,2,SELL,43.0,1799,1
1783,149.0,46.0,2,SELL,43.0,1800,1
1784,305.0,216.0,2,SELL,43.0,1801,1
1785,40.0,32.0,2,SELL,42.0,1802,1
1786,336.0,235.0,2,SELL,42.0,1803,1
1788,263.0,131.0,2,SELL,42.0,1805,1
1789,2282.0,236.0,2,SELL,42.0,1806,1
1790,188.0,84.0,2,SELL,42.0,1807,1
1791,263.0,131.0,2,SELL,41.0,1808,1
1792,188.0,84.0,2,SELL,41.0,1809,1
1793,2039.0,236.0,2,SELL,41.0,1810,1
1794,336.0,235.0,2,SELL,41.0,1811,1
1795,149.0,46.0,2,SELL,41.0,1812,1
1796,1916.0,236.0,2,SELL,41.0,1813,1
1797,149.0,46.0,2,SELL,41.0,1814,1
1798,94.0,41.0,2,SELL,41.0,1815,1
1799,171.0,46.0,2,SELL,40.0,1816,1
1800,263.0,131.0,2,SELL,40.0,1817,1
1801,171.0,46.0,2,SELL,40.0,1818,1
1802,337.0,235.0,2,SELL,40.0,1819,1
1803,171.0,46.0,2,SELL,39.0,1820,1
1804,171.0,46.0,2,SELL,39.0,1821,1
1805,1964.0,236.0,2,SELL,39.0,1822,1
1806,149.0,46.0,2,SELL,39.0,1823,1
1807,171.0,46.0,2,SELL,39.0,1824,1
1808,149.0,46.0,2,SELL,39.0,1825,1
1809,272.0,157.0,2,SELL,39.0,1826,1
1810,1916.0,236.0,2,SELL,39.0,1827,1
1811,337.0,235.0,2,SELL,39.0,1828,1
1812,337.0,235.0,2,SELL,39.0,1829,1
1813,171.0,46.0,2,SELL,39.0,1830,1
1777,2039.0,236.0,2,SELL,39.0,1831,1
1814,336.0,235.0,2,SELL,38.0,1832,1
1815,336.0,235.0,2,SELL,38.0,1833,1
1816,149.0,46.0,2,SELL,38.0,1834,1
1817,336.0,235.0,2,SELL,38.0,1835,1
1818,336.0,235.0,2,SELL,38.0,1836,1
1819,80.0,41.0,2,SELL,38.0,1837,1
1820,149.0,46.0,2,SELL,37.0,1838,1
1821,149.0,46.0,2,SELL,37.0,1839,1
998,336.0,235.0,2,SELL,37.0,1840,1
1822,336.0,235.0,2,SELL,37.0,1841,1
1823,1858.0,236.0,2,SELL,37.0,1842,1
1824,336.0,235.0,2,SELL,37.0,1843,1
1825,336.0,235.0,2,SELL,37.0,1844,1
1826,336.0,235.0,2,SELL,37.0,1845,1
1827,272.0,157.0,2,SELL,37.0,1846,1
1828,336.0,235.0,2,SELL,37.0,1847,1
1829,149.0,46.0,2,SELL,36.0,1848,1
1830,149.0,46.0,2,SELL,36.0,1849,1
1831,337.0,235.0,2,SELL,36.0,1850,1
1832,337.0,235.0,2,SELL,36.0,1851,1
1833,2039.0,236.0,2,SELL,36.0,1852,1
1834,712.0,236.0,2,SELL,36.0,1853,1
1835,712.0,236.0,2,SELL,35.0,1854,1
1836,337.0,235.0,2,SELL,35.0,1855,1
1837,149.0,46.0,2,SELL,35.0,1856,1
1838,2039.0,236.0,2,SELL,35.0,1857,1
1839,149.0,46.0,2,SELL,35.0,1858,1
1840,712.0,236.0,2,SELL,35.0,1859,1
1841,149.0,46.0,2,SELL,35.0,1860,1
1842,712.0,236.0,2,SELL,35.0,1861,1
1843,2039.0,236.0,2,SELL,35.0,1862,1
1844,330.0,235.0,2,SELL,35.0,1863,1
1845,712.0,236.0,2,SELL,35.0,1864,1
1846,2039.0,236.0,2,SELL,35.0,1865,1
1847,712.0,236.0,2,SELL,34.0,1866,1
1848,188.0,84.0,2,SELL,34.0,1867,1
1849,118.0,41.0,2,SELL,34.0,1868,1
597,712.0,236.0,2,SELL,34.0,1869,1
1850,149.0,46.0,2,SELL,34.0,1870,1
1851,149.0,46.0,2,SELL,34.0,1871,1
1852,188.0,84.0,2,SELL,34.0,1872,1
1853,336.0,235.0,2,SELL,34.0,1873,1
1854,1858.0,236.0,2,SELL,34.0,1874,1
1855,1858.0,236.0,2,SELL,34.0,1875,1
1856,149.0,46.0,2,SELL,33.0,1876,1
1857,263.0,131.0,2,SELL,33.0,1877,1
1858,2039.0,236.0,2,SELL,33.0,1878,1
1528,2093.0,236.0,2,SELL,33.0,1879,1
1859,1858.0,236.0,2,SELL,33.0,1880,1
1860,272.0,157.0,2,SELL,33.0,1881,1
1861,1858.0,236.0,2,SELL,33.0,1882,1
1862,336.0,235.0,2,SELL,33.0,1883,1
1863,171.0,46.0,2,SELL,33.0,1884,1
334,149.0,46.0,2,SELL,33.0,1885,1
1864,336.0,235.0,2,SELL,32.0,1886,1
1865,118.0,41.0,2,SELL,32.0,1887,1
1866,171.0,46.0,2,SELL,32.0,1888,1
1867,149.0,46.0,2,SELL,32.0,1889,1
1868,272.0,157.0,2,SELL,31.0,1890,1
1869,330.0,235.0,2,SELL,31.0,1891,1
1870,1964.0,236.0,2,SELL,30.0,1892,1
1871,272.0,157.0,2,SELL,30.0,1893,1
1872,172.0,46.0,2,SELL,30.0,1894,1
1873,330.0,235.0,2,SELL,30.0,1895,1
1874,172.0,46.0,2,SELL,30.0,1896,1
1875,321.0,218.0,2,SELL,30.0,1897,1
1876,305.0,216.0,2,SELL,30.0,1898,1
1877,272.0,157.0,2,SELL,30.0,1899,1
1878,186.0,84.0,2,SELL,30.0,1900,1
1879,172.0,46.0,2,SELL,30.0,1901,1
1880,172.0,46.0,2,SELL,30.0,1902,1
1881,2282.0,236.0,2,SELL,29.0,1903,1
1882,272.0,157.0,2,SELL,29.0,1904,1
1883,325.0,235.0,2,SELL,29.0,1905,1
1884,263.0,131.0,2,SELL,29.0,1906,1
1885,149.0,46.0,2,SELL,29.0,1907,1
1886,149.0,46.0,2,SELL,29.0,1908,1
1887,1916.0,236.0,2,SELL,28.0,1909,1
1888,305.0,216.0,2,SELL,28.0,1910,1
1889,263.0,131.0,2,SELL,28.0,1911,1
1890,330.0,235.0,2,SELL,28.0,1912,1
1891,837.0,236.0,2,SELL,28.0,1913,1
1892,837.0,236.0,2,SELL,28.0,1914,1
1893,263.0,131.0,2,SELL,28.0,1915,1
1894,186.0,84.0,2,SELL,28.0,1916,1
1895,263.0,131.0,2,SELL,28.0,1917,1
1094,712.0,236.0,2,SELL,27.0,1918,1
1896,330.0,235.0,2,SELL,27.0,1919,1
1897,330.0,235.0,2,SELL,27.0,1920,1
1898,1964.0,236.0,2,SELL,27.0,1921,1
1899,263.0,131.0,2,SELL,27.0,1922,1
1900,2282.0,236.0,2,SELL,27.0,1923,1
1901,431.0,236.0,2,SELL,27.0,1924,1
1902,186.0,84.0,2,SELL,27.0,1925,1
1903,1964.0,236.0,2,SELL,27.0,1926,1
1904,313.0,216.0,2,SELL,27.0,1927,1
1905,330.0,235.0,2,SELL,27.0,1928,1
1906,105.0,41.0,2,SELL,27.0,1929,1
1907,330.0,235.0,2,SELL,27.0,1930,1
1908,283.0,172.0,2,SELL,27.0,1931,1
1909,837.0,236.0,2,SELL,27.0,1932,1
1910,837.0,236.0,2,SELL,26.0,1933,1
1911,313.0,216.0,2,SELL,26.0,1934,1
1912,1964.0,236.0,2,SELL,26.0,1935,1
1914,478.0,236.0,2,SELL,26.0,1937,1
1915,1916.0,236.0,2,SELL,26.0,1938,1
1916,186.0,84.0,2,SELL,26.0,1939,1
1917,330.0,235.0,2,SELL,26.0,1940,1
1918,330.0,235.0,2,SELL,26.0,1941,1
1919,337.0,235.0,2,SELL,26.0,1942,1
1920,2998.0,236.0,2,SELL,26.0,1943,1
1921,186.0,84.0,2,SELL,26.0,1944,1
1922,186.0,84.0,2,SELL,26.0,1945,1
1796,2998.0,236.0,2,SELL,26.0,1946,1
1923,337.0,235.0,2,SELL,26.0,1947,1
1924,149.0,46.0,2,SELL,26.0,1948,1
1925,2998.0,236.0,2,SELL,25.0,1949,1
1926,2998.0,236.0,2,SELL,25.0,1950,1
1927,2998.0,236.0,2,SELL,25.0,1951,1
1928,307.0,216.0,2,SELL,25.0,1952,1
1929,337.0,235.0,2,SELL,25.0,1953,1
1930,2998.0,236.0,2,SELL,25.0,1954,1
1931,337.0,235.0,2,SELL,25.0,1955,1
1932,313.0,216.0,2,SELL,233.0,1956,1
1933,149.0,46.0,2,SELL,222.0,1957,1
1934,1916.0,236.0,2,SELL,222.0,1958,1
1935,283.0,172.0,2,SELL,222.0,1959,1
1936,172.0,46.0,2,SELL,221.0,1960,1
1937,2998.0,236.0,2,SELL,221.0,1961,1
1938,337.0,235.0,2,SELL,217.0,1962,1
1939,172.0,46.0,2,SELL,217.0,1963,1
1940,172.0,46.0,2,SELL,215.0,1964,1
1941,700.0,236.0,1,BUY,215.0,1965,1
1942,700.0,236.0,1,BUY,214.0,1966,1
1943,700.0,236.0,1,BUY,214.0,1967,1
1944,700.0,236.0,1,BUY,202.0,1968,1
1945,113.0,41.0,1,BUY,202.0,1969,1
1946,700.0,236.0,1,BUY,199.0,1970,1
1947,113.0,41.0,1,BUY,199.0,1971,1
1948,174.0,46.0,1,BUY,198.0,1972,1
1949,113.0,41.0,1,BUY,198.0,1973,1
1950,1858.0,236.0,1,BUY,198.0,1974,1
1951,330.0,235.0,1,BUY,198.0,1975,1
1952,272.0,157.0,1,BUY,195.0,1976,1
1953,272.0,157.0,1,BUY,195.0,1977,1
1954,712.0,236.0,1,BUY,190.0,1978,1
1955,174.0,46.0,1,BUY,185.0,1979,1
1956,330.0,235.0,1,BUY,185.0,1980,1
1957,712.0,236.0,1,BUY,185.0,1981,1
1958,272.0,157.0,1,BUY,177.0,1982,1
1959,174.0,46.0,1,BUY,177.0,1983,1
1960,1858.0,236.0,1,BUY,155.0,1984,1
1961,330.0,235.0,1,BUY,155.0,1985,1
1962,1858.0,236.0,1,BUY,147.0,1986,1
1963,272.0,157.0,1,BUY,147.0,1987,1
1964,337.0,235.0,1,BUY,146.0,1988,1
1965,174.0,46.0,1,BUY,146.0,1989,1
1966,337.0,235.0,1,BUY,144.0,1990,1
1967,113.0,41.0,1,BUY,144.0,1991,1
1968,174.0,46.0,1,BUY,136.0,1992,1
1969,1858.0,236.0,1,BUY,136.0,1993,1
1970,712.0,236.0,1,BUY,135.0,1994,1
1971,272.0,157.0,1,BUY,135.0,1995,1
1972,1858.0,236.0,1,BUY,135.0,1996,1
1973,336.0,235.0,1,BUY,135.0,1997,1
1974,174.0,46.0,1,BUY,133.0,1998,1
1975,174.0,46.0,1,BUY,133.0,1999,1
1976,1858.0,236.0,1,BUY,132.0,2000,1
1977,266.0,144.0,1,BUY,132.0,2001,1
1978,712.0,236.0,1,BUY,129.0,2002,1
1979,113.0,41.0,1,BUY,129.0,2003,1
1980,174.0,46.0,1,BUY,129.0,2004,1
1981,1858.0,236.0,1,BUY,129.0,2005,1
1982,174.0,46.0,1,BUY,128.0,2006,1
1983,174.0,46.0,1,BUY,128.0,2007,1
1984,1858.0,236.0,1,BUY,125.0,2008,1
1985,712.0,236.0,1,BUY,123.0,2009,1
1986,174.0,46.0,1,BUY,123.0,2010,1
1987,174.0,46.0,1,BUY,122.0,2011,1
1988,1858.0,236.0,1,BUY,122.0,2012,1
1989,174.0,46.0,1,BUY,115.0,2013,1
1990,174.0,46.0,1,BUY,115.0,2014,1
1991,272.0,157.0,1,BUY,107.0,2015,1
1992,174.0,46.0,1,BUY,107.0,2016,1
1993,174.0,46.0,1,BUY,103.0,2017,1
1994,272.0,157.0,1,BUY,101.0,2018,1
1995,94.0,41.0,1,BUY,101.0,2019,1
1996,188.0,84.0,1,BUY,101.0,2020,1
1997,94.0,41.0,1,BUY,101.0,2021,1
1998,188.0,84.0,1,BUY,96.0,2022,1
1999,94.0,41.0,1,BUY,96.0,2023,1
2000,1858.0,236.0,1,BUY,93.0,2024,1
2001,174.0,46.0,1,BUY,93.0,2025,1
2002,174.0,46.0,1,BUY,93.0,2026,1
2003,1964.0,236.0,1,BUY,92.0,2027,1
2004,336.0,235.0,1,BUY,92.0,2028,1
2005,174.0,46.0,1,BUY,92.0,2029,1
2006,174.0,46.0,1,BUY,91.0,2030,1
2007,336.0,235.0,1,BUY,91.0,2031,1
2008,266.0,144.0,1,BUY,91.0,2032,1
2009,174.0,46.0,1,BUY,91.0,2033,1
2010,174.0,46.0,1,BUY,91.0,2034,1
2011,174.0,46.0,1,BUY,91.0,2035,1
2012,149.0,46.0,1,BUY,87.0,2036,1
2013,149.0,46.0,1,BUY,87.0,2037,1
2014,188.0,84.0,1,BUY,84.0,2038,1
2015,149.0,46.0,1,BUY,84.0,2039,1
2016,1964.0,236.0,1,BUY,84.0,2040,1
2017,149.0,46.0,1,BUY,84.0,2041,1
2018,336.0,235.0,1,BUY,83.0,2042,1
2019,336.0,235.0,1,BUY,83.0,2043,1
2020,1858.0,236.0,1,BUY,82.0,2044,1
2021,266.0,144.0,1,BUY,82.0,2045,1
2022,188.0,84.0,1,BUY,82.0,2046,1
2023,149.0,46.0,1,BUY,81.0,2047,1
2024,2039.0,236.0,1,BUY,81.0,2048,1
2025,712.0,236.0,1,BUY,80.0,2049,1
2026,188.0,84.0,1,BUY,80.0,2050,1
2027,149.0,46.0,1,BUY,75.0,2051,1
2028,263.0,131.0,1,BUY,75.0,2052,1
2029,336.0,235.0,1,BUY,74.0,2053,1
2030,1858.0,236.0,1,BUY,74.0,2054,1
2031,94.0,41.0,1,BUY,73.0,2055,1
2032,712.0,236.0,1,BUY,73.0,2056,1
2033,149.0,46.0,1,BUY,71.0,2057,1
2034,712.0,236.0,1,BUY,71.0,2058,1
2035,1858.0,236.0,1,BUY,69.0,2059,1
2036,188.0,84.0,1,BUY,69.0,2060,1
2037,188.0,84.0,1,BUY,68.0,2061,1
2038,149.0,46.0,1,BUY,68.0,2062,1
2039,1858.0,236.0,1,BUY,67.0,2063,1
2040,94.0,41.0,1,BUY,67.0,2064,1
2041,1964.0,236.0,1,BUY,63.0,2065,1
2042,1858.0,236.0,1,BUY,63.0,2066,1
2043,712.0,236.0,2,SELL,62.0,2067,1
2044,700.0,236.0,2,SELL,62.0,2068,1
2045,700.0,236.0,2,SELL,62.0,2069,1
2046,700.0,236.0,2,SELL,62.0,2070,1
2047,700.0,236.0,2,SELL,61.0,2071,1
2048,171.0,46.0,2,SELL,61.0,2072,1
2049,700.0,236.0,2,SELL,60.0,2073,1
2050,171.0,46.0,2,SELL,60.0,2074,1
2051,145.0,46.0,2,SELL,60.0,2075,1
2052,171.0,46.0,2,SELL,60.0,2076,1
2053,1858.0,236.0,2,SELL,60.0,2077,1
2054,247.0,110.0,2,SELL,60.0,2078,1
2055,337.0,235.0,2,SELL,58.0,2079,1
2056,272.0,157.0,2,SELL,58.0,2080,1
2057,272.0,157.0,2,SELL,58.0,2081,1
2058,712.0,236.0,2,SELL,58.0,2082,1
2059,145.0,46.0,2,SELL,58.0,2083,1
2060,337.0,235.0,2,SELL,58.0,2084,1
2061,712.0,236.0,2,SELL,58.0,2085,1
2062,272.0,157.0,2,SELL,58.0,2086,1
2063,145.0,46.0,2,SELL,58.0,2087,1
2064,1858.0,236.0,2,SELL,58.0,2088,1
2065,337.0,235.0,2,SELL,57.0,2089,1
2066,1858.0,236.0,2,SELL,57.0,2090,1
2067,272.0,157.0,2,SELL,56.0,2091,1
2068,337.0,235.0,2,SELL,56.0,2092,1
2069,145.0,46.0,2,SELL,56.0,2093,1
2070,337.0,235.0,2,SELL,56.0,2094,1
2071,171.0,46.0,2,SELL,56.0,2095,1
2072,145.0,46.0,2,SELL,56.0,2096,1
2073,1858.0,236.0,2,SELL,56.0,2097,1
2074,712.0,236.0,2,SELL,56.0,2098,1
2075,272.0,157.0,2,SELL,56.0,2099,1
2076,1858.0,236.0,2,SELL,56.0,2100,1
2077,337.0,235.0,2,SELL,56.0,2101,1
2078,145.0,46.0,2,SELL,56.0,2102,1
2079,145.0,46.0,2,SELL,55.0,2103,1
2080,1858.0,236.0,2,SELL,55.0,2104,1
2081,266.0,144.0,2,SELL,55.0,2105,1
2082,712.0,236.0,2,SELL,55.0,2106,1
2083,171.0,46.0,2,SELL,55.0,2107,1
2084,145.0,46.0,2,SELL,55.0,2108,1
2085,1858.0,236.0,2,SELL,55.0,2109,1
2086,145.0,46.0,2,SELL,55.0,2110,1
2087,145.0,46.0,2,SELL,54.0,2111,1
2088,1858.0,236.0,2,SELL,54.0,2112,1
2089,712.0,236.0,2,SELL,53.0,2113,1
2090,145.0,46.0,2,SELL,53.0,2114,1
2091,145.0,46.0,2,SELL,53.0,2115,1
2092,1858.0,236.0,2,SELL,53.0,2116,1
2093,145.0,46.0,2,SELL,52.0,2117,1
2094,247.0,110.0,2,SELL,52.0,2118,1
2095,145.0,46.0,2,SELL,52.0,2119,1
2096,272.0,157.0,2,SELL,52.0,2120,1
2097,145.0,46.0,2,SELL,52.0,2121,1
2098,145.0,46.0,2,SELL,51.0,2122,1
2099,272.0,157.0,2,SELL,51.0,2123,1
2100,171.0,46.0,2,SELL,50.0,2124,1
2101,186.0,84.0,2,SELL,50.0,2125,1
2102,171.0,46.0,2,SELL,50.0,2126,1
2103,247.0,110.0,2,SELL,50.0,2127,1
2104,171.0,46.0,2,SELL,50.0,2128,1
2105,1858.0,236.0,2,SELL,50.0,2129,1
2106,145.0,46.0,2,SELL,50.0,2130,1
2107,197.0,104.0,2,SELL,50.0,2131,1
2108,1964.0,236.0,2,SELL,49.0,2132,1
2109,337.0,235.0,2,SELL,49.0,2133,1
649,197.0,104.0,2,SELL,49.0,2134,1
2110,197.0,104.0,2,SELL,49.0,2135,1
2111,337.0,235.0,2,SELL,48.0,2136,1
2112,266.0,144.0,2,SELL,48.0,2137,1
2113,197.0,104.0,2,SELL,48.0,2138,1
2114,197.0,104.0,2,SELL,48.0,2139,1
59,197.0,104.0,2,SELL,48.0,2140,1
2115,197.0,104.0,2,SELL,48.0,2141,1
2116,197.0,104.0,2,SELL,47.0,2142,1
2117,186.0,84.0,2,SELL,47.0,2143,1
2118,197.0,104.0,2,SELL,47.0,2144,1
2119,1964.0,236.0,2,SELL,47.0,2145,1
2120,197.0,104.0,2,SELL,46.0,2146,1
2121,337.0,235.0,2,SELL,46.0,2147,1
649,337.0,235.0,2,SELL,46.0,2148,1
2122,1858.0,236.0,2,SELL,46.0,2149,1
2123,266.0,144.0,2,SELL,46.0,2150,1
2124,186.0,84.0,2,SELL,46.0,2151,1
2125,197.0,104.0,2,SELL,46.0,2152,1
2126,2039.0,236.0,2,SELL,46.0,2153,1
2127,712.0,236.0,2,SELL,46.0,2154,1
2128,186.0,84.0,2,SELL,45.0,2155,1
2129,197.0,104.0,2,SELL,45.0,2156,1
2130,263.0,131.0,2,SELL,45.0,2157,1
2131,337.0,235.0,2,SELL,45.0,2158,1
2132,1858.0,236.0,2,SELL,45.0,2159,1
2133,171.0,46.0,2,SELL,45.0,2160,1
2134,712.0,236.0,2,SELL,45.0,2161,1
2135,197.0,104.0,2,SELL,45.0,2162,1
2136,712.0,236.0,2,SELL,45.0,2163,1
2137,1858.0,236.0,2,SELL,45.0,2164,1
2138,186.0,84.0,2,SELL,45.0,2165,1
2139,186.0,84.0,2,SELL,45.0,2166,1
2140,197.0,104.0,2,SELL,45.0,2167,1
2141,1858.0,236.0,2,SELL,45.0,2168,1
2142,171.0,46.0,2,SELL,45.0,2169,1
2143,1964.0,236.0,2,SELL,45.0,2170,1
2144,1858.0,236.0,2,SELL,45.0,2171,1
